application_id,contact_id,opportunity_id,status,submitted_at,created_at,source_system
5285bced-cd0a-4cec-9168-2d7ce9cc2862,16e508c0-5319-4d3f-8b6e-2bc5a16542ee,6f5171b1-bcde-4db0-a6d1-ece2007fa8d6,started,2024-12-05 12:02:41,2026-01-30 17:53:39.422526,webform
340166b7-a4e1-48c3-a72e-af450035545f,55cf1226-aeb9-4d4f-8e35-3b89991b57f2,d0e87ca0-9dad-4427-a74f-5db2a550fb1a,started,2024-07-23 06:13:09,2026-01-30 17:53:39.422526,webform
01d6cf41-b073-4f1f-ba53-5d222d688b47,4cfaffba-8db7-40fb-ae6d-99b1602b738e,d0e87ca0-9dad-4427-a74f-5db2a550fb1a,started,2024-10-07 13:39:52,2026-01-30 17:53:39.422526,webform
1e47a7d6-1799-4809-a9e5-ac111b19c362,6e863882-d3a1-4ff6-b582-cc270d61ff4c,71595315-d434-4a61-b132-de61cce0166f,accepted,2024-12-04 05:41:01,2026-01-30 17:53:39.422526,webform
6abb6bea-f690-48c4-a1bb-2e3f58ff6a1f,ce900e88-2801-43c6-be9c-a6aa2ab6cf1e,71595315-d434-4a61-b132-de61cce0166f,started,2024-07-01 07:58:10,2026-01-30 17:53:39.422526,webform
441ab2e7-417f-4218-b0b6-7d6a6a49b5f2,192b263b-d5a9-49ba-bb4f-d762e4185f9f,1f69f1a8-be74-445b-90d7-70b256d1e7c0,reviewed,2024-08-30 01:11:55,2026-01-30 17:53:39.422526,webform
366b2a1a-2288-4be9-943e-9d98a462439e,01d1dc17-0ae1-4aa1-82ff-d211274ad369,7425818d-e520-4ca7-a457-1cb54aa14d45,waitlisted,2024-02-01 04:35:34,2026-01-30 17:53:39.422526,webform
07b00e3e-80f0-46db-8bd2-0acbd8300f9c,d5b5fa8d-4afb-4754-9827-8e842a7a8ab6,6f5171b1-bcde-4db0-a6d1-ece2007fa8d6,waitlisted,2024-11-29 17:38:58,2026-01-30 17:53:39.422526,webform
917b1ed2-a1e8-4c4f-852b-b9dd13f40704,5fcb114a-347e-41ab-97f3-65ff035641b0,7f52cbac-0712-442c-90cc-a2de90ee1235,accepted,2024-05-02 23:29:45,2026-01-30 17:53:39.422526,webform
343e720c-07a2-49a0-8714-0a1cc8a0a49c,1f3dfa62-10fc-4719-9141-0ccb9421b68e,d0e87ca0-9dad-4427-a74f-5db2a550fb1a,rejected,2024-01-14 22:36:13,2026-01-30 17:53:39.422526,webform
072e2520-50e6-4bad-b05c-30a78b153482,1976729b-93f8-4a58-8e52-8fd40355476a,35209231-cb85-48f4-bd5d-7a07205e7d89,submitted,2024-09-02 02:50:49,2026-01-30 17:53:39.422526,webform
2bde1c0f-1d66-4792-b5d2-211dba14b422,da921597-3390-45b9-bc15-10e612f1d599,1f69f1a8-be74-445b-90d7-70b256d1e7c0,submitted,2024-10-17 00:22:01,2026-01-30 17:53:39.422526,webform
10ac090d-489d-4ff6-9222-5c6ecd10de32,db78308c-7798-447a-a729-5b84b3eb9d5e,35209231-cb85-48f4-bd5d-7a07205e7d89,accepted,2024-02-08 05:33:23,2026-01-30 17:53:39.422526,webform
d08c6c2e-0538-4215-a293-462bf4a1c0a8,4129a6ff-24a7-457f-b7cb-c045a89c4473,35209231-cb85-48f4-bd5d-7a07205e7d89,accepted,2024-03-05 14:37:55,2026-01-30 17:53:39.422526,webform
cd4c5405-90d9-4f47-b301-43a4008044d2,d6c7eb84-c248-4a7b-9820-7f813296f99f,1f69f1a8-be74-445b-90d7-70b256d1e7c0,started,2024-01-18 20:40:00,2026-01-30 17:53:39.422526,webform
fc6fdcaf-9527-413a-bf8e-9f979a6e977d,4dff76b5-befd-4be8-80f7-031ef52106e9,6f5171b1-bcde-4db0-a6d1-ece2007fa8d6,started,2024-04-23 22:23:09,2026-01-30 17:53:39.422526,webform
597cff85-49b0-4afe-b547-5ec6981e938d,7feb2ab1-60f5-40aa-8f02-9b6b2ba9d874,6f5171b1-bcde-4db0-a6d1-ece2007fa8d6,reviewed,2024-06-16 06:17:30,2026-01-30 17:53:39.422526,webform
fd78ad3f-a524-4d77-806f-083d78737053,5f25ca1f-626d-4bf1-88b2-b683d12d22d0,71595315-d434-4a61-b132-de61cce0166f,submitted,2024-07-25 06:49:44,2026-01-30 17:53:39.422526,webform
26e666c0-8db8-43df-a1d6-5d90a41331ac,8155e4fe-b273-48a1-bf52-56ab91bbf1a4,7425818d-e520-4ca7-a457-1cb54aa14d45,rejected,2024-09-21 18:50:24,2026-01-30 17:53:39.422526,webform
62131563-b785-4ce0-ab2f-5fe794c04db6,3d8db0ca-a74b-433f-bfd1-73c97f4ff3f8,71595315-d434-4a61-b132-de61cce0166f,submitted,2024-03-08 23:45:52,2026-01-30 17:53:39.422526,webform
efb911b5-30a2-45bc-85c0-88f769162de8,e19dea59-182a-419c-a27b-5104075a330d,35209231-cb85-48f4-bd5d-7a07205e7d89,rejected,2024-12-04 04:48:48,2026-01-30 17:53:39.422526,webform
9ed3f9df-d803-4c82-902e-2e5fd2654a07,00a34e95-87a0-4471-a878-e900ff3c6ba6,7425818d-e520-4ca7-a457-1cb54aa14d45,rejected,2024-09-22 07:16:32,2026-01-30 17:53:39.422526,webform
9cf5082d-6c70-4218-8036-13498d9c8098,c757ce42-d236-4152-856c-99b5aa029298,beef5311-0fad-41df-8f0d-a45881addb60,accepted,2024-12-20 12:10:59,2026-01-30 17:53:39.422526,webform
585ace1f-c090-4d22-a72b-133f4884c37f,2862876b-def5-44f0-97cf-5b67f9fa7fe1,71595315-d434-4a61-b132-de61cce0166f,submitted,2024-06-28 02:13:43,2026-01-30 17:53:39.422526,webform
fc975a65-26e0-4a9d-82a0-4b3810861025,09f01b73-a867-4ffe-a17d-e26a373c932b,1f69f1a8-be74-445b-90d7-70b256d1e7c0,accepted,2024-04-09 03:49:02,2026-01-30 17:53:39.422526,webform
2bc462e3-6b46-43c0-a23d-203ddfca4860,48a2f847-65d5-4da2-b544-9d5c9be87af3,84a69683-2aef-444e-a1c4-605b8d4299ed,accepted,2024-12-15 23:52:50,2026-01-30 17:53:39.422526,webform
a0104944-97f9-40f5-a59b-9742a6424860,d10c4251-529e-4960-95f3-88c1cc855dae,1f69f1a8-be74-445b-90d7-70b256d1e7c0,waitlisted,2024-07-31 06:39:50,2026-01-30 17:53:39.422526,webform
98dd9330-4441-4ff0-b7c5-432f4685c1d7,423110f4-b76f-4fa1-b562-27a436e6c027,71595315-d434-4a61-b132-de61cce0166f,started,2024-06-20 13:13:11,2026-01-30 17:53:39.422526,webform
af017328-8e2d-4ba1-bde9-da071bdeab3c,d4c02595-d83c-4328-80d2-54cfba279c2e,1f69f1a8-be74-445b-90d7-70b256d1e7c0,waitlisted,2025-11-26 13:41:30,2026-01-30 17:53:39.422526,webform
7d062c11-9962-42bf-a9cf-bb6126b108b2,d0f01d46-2f15-4266-980d-5b6318ee2943,1f69f1a8-be74-445b-90d7-70b256d1e7c0,accepted,2026-10-19 13:36:26,2026-01-30 17:53:39.422526,webform
412eac84-0ec5-44c2-83e6-c840480b4ab3,1c713a23-c8d2-4305-91f7-27264ead3fa7,beef5311-0fad-41df-8f0d-a45881addb60,accepted,2026-10-25 19:19:33,2026-01-30 17:53:39.422526,webform
dbe2bc6c-fde1-4972-bcb3-f616b6ccdc8b,6b2554c1-5ea2-4bcc-a8cf-e62bdd1837ca,35209231-cb85-48f4-bd5d-7a07205e7d89,submitted,2025-10-24 05:08:44,2026-01-30 17:53:39.422526,webform
945c7271-b178-4c69-bead-90802a2b8989,49d04dc7-1568-4647-9353-69706d11e4b6,6f5171b1-bcde-4db0-a6d1-ece2007fa8d6,rejected,2025-08-18 19:27:39,2026-01-30 17:53:39.422526,webform
a4d1d086-bf34-496a-9a89-21e9979b2c6b,036c9994-2aba-4172-83bf-510d92dc3b6f,1f69f1a8-be74-445b-90d7-70b256d1e7c0,started,2026-10-07 17:01:17,2026-01-30 17:53:39.422526,webform
4802d902-e08c-4ed6-8b5c-c99b0ad50584,014ecaac-9c37-4a09-9142-607d34ee0efc,7425818d-e520-4ca7-a457-1cb54aa14d45,reviewed,2025-01-07 06:57:25,2026-01-30 17:53:39.422526,webform
5e4c3d68-7da8-401b-87bd-70f33d94cd7a,a35b344f-95aa-416c-8a76-4dafe6a05ffb,84a69683-2aef-444e-a1c4-605b8d4299ed,rejected,2026-08-02 19:00:56,2026-01-30 17:53:39.422526,webform
21df9e65-9d13-4a1b-8329-13e59d99965d,03381d2e-3707-4a8f-9ba0-01ad001d9a3f,1f69f1a8-be74-445b-90d7-70b256d1e7c0,submitted,2026-04-17 12:30:42,2026-01-30 17:53:39.422526,webform
13cf3942-a87f-4836-83f4-e9ccb071050c,487f6a0d-e59f-4193-ab11-b96113d79df9,beef5311-0fad-41df-8f0d-a45881addb60,waitlisted,2025-05-28 16:19:01,2026-01-30 17:53:39.422526,webform
e9cd6dda-8dfd-4a00-9be1-224fb356e315,3aab167f-5f51-475d-a2cb-8c00b503d4c7,1f69f1a8-be74-445b-90d7-70b256d1e7c0,waitlisted,2026-08-10 20:58:55,2026-01-30 17:53:39.422526,webform
da11e731-c17d-4a36-86c1-a9e748b87d47,9ff27dae-b97e-4547-bc39-faae532afa60,71595315-d434-4a61-b132-de61cce0166f,waitlisted,2025-03-17 11:16:00,2026-01-30 17:53:39.422526,webform
32ddb3a7-2fb2-45e0-9e33-165362842f5a,36637320-ef01-434c-8184-f750c22b2373,84a69683-2aef-444e-a1c4-605b8d4299ed,reviewed,2026-09-05 12:45:53,2026-01-30 17:53:39.422526,webform
56e37b9b-6953-4041-9ace-308a6fa11475,3099b40e-af16-423a-b5c8-3d8c100b4a5f,84a69683-2aef-444e-a1c4-605b8d4299ed,rejected,2025-10-11 09:30:22,2026-01-30 17:53:39.422526,webform
2644f825-22ab-4b8f-9ee1-72ccef1a8005,dc0d3092-255a-482c-9e27-1aa8b36a854a,71595315-d434-4a61-b132-de61cce0166f,started,2026-12-08 12:41:29,2026-01-30 17:53:39.422526,webform
5693a10a-8349-49c1-8329-4393e3228e7a,bd3c900d-5e90-4b16-90c9-77d35e523ba9,6f5171b1-bcde-4db0-a6d1-ece2007fa8d6,waitlisted,2025-11-19 17:32:20,2026-01-30 17:53:39.422526,webform
d8a624cb-13e3-4073-ae56-0a4c99471d01,25ffe397-b916-46b7-94ea-a371dc61e0a0,beef5311-0fad-41df-8f0d-a45881addb60,submitted,2026-09-03 21:39:41,2026-01-30 17:53:39.422526,webform
e1dca366-9432-4d12-a339-41239a2b7ec0,d1f479a3-8650-4b58-9109-f633983a362f,6f5171b1-bcde-4db0-a6d1-ece2007fa8d6,rejected,2026-01-25 18:07:56,2026-01-30 17:53:39.422526,webform
eb7ce58c-ef65-46a8-a12d-03a1c293baa5,f58da731-cd71-4c58-b4ab-f90ae36e4f8d,71595315-d434-4a61-b132-de61cce0166f,reviewed,2026-12-11 23:06:26,2026-01-30 17:53:39.422526,webform
9786d1be-f4fb-4492-8176-7d10ccb1bfd7,6b2554c1-5ea2-4bcc-a8cf-e62bdd1837ca,1f69f1a8-be74-445b-90d7-70b256d1e7c0,waitlisted,2026-11-08 01:22:31,2026-01-30 17:53:39.422526,webform
54265988-9016-47f6-bb77-0704f7bbfc76,96851f74-273c-4736-a6ea-7ee404dc2561,35209231-cb85-48f4-bd5d-7a07205e7d89,accepted,2025-02-28 11:40:54,2026-01-30 17:53:39.422526,webform
3b47b0e7-b3df-4e51-b648-31e18f922ebf,701b9876-ee34-4e06-aa50-78b7e883abc4,beef5311-0fad-41df-8f0d-a45881addb60,waitlisted,2026-07-17 12:22:40,2026-01-30 17:53:39.422526,webform
b89fccbf-cd80-4726-af7b-6aca36570a81,6e4ae084-53a5-4a5f-a9dd-a752b1788ed9,7425818d-e520-4ca7-a457-1cb54aa14d45,rejected,2025-10-12 02:32:28,2026-01-30 17:53:39.422526,webform
7ea82bea-d071-4634-9489-50b0117688e3,163555e9-2cdf-4d97-983e-fc35350d7617,7425818d-e520-4ca7-a457-1cb54aa14d45,started,2025-07-25 09:51:54,2026-01-30 17:53:39.422526,webform
a4157f19-ac0f-4f30-8250-b91c9b8d5048,00a34e95-87a0-4471-a878-e900ff3c6ba6,35209231-cb85-48f4-bd5d-7a07205e7d89,accepted,2025-10-14 06:56:04,2026-01-30 17:53:39.422526,webform
894f37c7-5e5a-43f9-ae01-991f6d014b67,6e4ae084-53a5-4a5f-a9dd-a752b1788ed9,1f69f1a8-be74-445b-90d7-70b256d1e7c0,rejected,2025-10-23 22:49:48,2026-01-30 17:53:39.422526,webform
ce958a29-ef2a-406f-ac4f-137a4e9c1c9b,2b0f66c3-ed3f-4a4e-ae62-d6bd10de629e,6f5171b1-bcde-4db0-a6d1-ece2007fa8d6,started,2026-06-09 03:51:54,2026-01-30 17:53:39.422526,webform
5f355803-4af3-4dd3-9ad7-b6cfadcfadd3,455e097e-361b-45de-a24a-46663b25d18c,d0e87ca0-9dad-4427-a74f-5db2a550fb1a,started,2026-04-27 05:11:26,2026-01-30 17:53:39.422526,webform
bdc84b0e-90cd-498e-8201-0b93d48d19ac,79d7b10b-9c35-45e8-a42e-6c6238722387,6f5171b1-bcde-4db0-a6d1-ece2007fa8d6,rejected,2025-06-21 22:35:01,2026-01-30 17:53:39.422526,webform
b4b16a57-ef14-4229-b61e-a244d22dd1de,48a2f847-65d5-4da2-b544-9d5c9be87af3,35209231-cb85-48f4-bd5d-7a07205e7d89,waitlisted,2026-10-02 21:46:36,2026-01-30 17:53:39.422526,webform
8393be82-db99-4da9-a751-f62ab77e39bf,8155e4fe-b273-48a1-bf52-56ab91bbf1a4,1f69f1a8-be74-445b-90d7-70b256d1e7c0,waitlisted,2025-11-14 03:11:11,2026-01-30 17:53:39.422526,webform
e8ec9bbc-96f7-478c-9e7b-868194e5312a,c84f96f2-7e76-4a3f-8d8e-8da423ed0561,71595315-d434-4a61-b132-de61cce0166f,started,2025-01-29 21:41:03,2026-01-30 17:53:39.422526,webform
22b77c62-a533-4b4c-9278-1f12989ac8e1,1c713a23-c8d2-4305-91f7-27264ead3fa7,d0e87ca0-9dad-4427-a74f-5db2a550fb1a,started,2025-03-17 11:47:24,2026-01-30 17:53:39.422526,webform
6537e460-4c7a-42b8-abee-6880101aec6b,6c5c8bef-cd71-4f96-9b1d-3cd2aa5d1ec3,7f52cbac-0712-442c-90cc-a2de90ee1235,submitted,2025-10-29 20:53:00,2026-01-30 17:53:39.422526,webform
6a564fab-26f9-4584-8e53-b85bf5eee297,3e3fa0dc-adee-444a-ad8c-0fd7d4a3d4c4,6f5171b1-bcde-4db0-a6d1-ece2007fa8d6,waitlisted,2026-08-01 05:08:09,2026-01-30 17:53:39.422526,webform
dbe97949-0714-4348-9883-2610ba6e1759,47a1c989-0e39-4327-928e-e9195fb18138,7f52cbac-0712-442c-90cc-a2de90ee1235,accepted,2026-04-02 04:49:03,2026-01-30 17:53:39.422526,webform
9504cdff-7b89-444c-ba63-2f1a64dc0881,a1fb4e9a-30b7-4c7b-959f-94a915fc3fda,71595315-d434-4a61-b132-de61cce0166f,accepted,2026-05-24 16:37:44,2026-01-30 17:53:39.422526,webform
27227a37-c6c6-4b7d-9040-ba92fe2b2b36,2707b3af-5257-4c77-b6f3-3a0f0d196456,d0e87ca0-9dad-4427-a74f-5db2a550fb1a,rejected,2025-11-13 23:49:53,2026-01-30 17:53:39.422526,webform
f5836e74-324e-4d0f-b81e-80bf929201fa,3a535f94-9ca2-4548-8ae0-c70dcb7bf079,84a69683-2aef-444e-a1c4-605b8d4299ed,waitlisted,2025-10-15 19:10:44,2026-01-30 17:53:39.422526,webform
c03e684c-71bd-4dc4-811e-398e849e3299,403433af-8fc1-403a-9934-4a04a33408de,d0e87ca0-9dad-4427-a74f-5db2a550fb1a,accepted,2025-07-03 09:27:30,2026-01-30 17:53:39.422526,webform
d6332590-006b-40aa-b3d5-8b7bca7a7186,4ac3f769-7154-4920-9f34-f4ddd1f6e1b6,35209231-cb85-48f4-bd5d-7a07205e7d89,waitlisted,2025-10-13 07:37:11,2026-01-30 17:53:39.422526,webform
df4c006e-bbfc-44a5-9197-86aeff74f853,20c97eb5-ae33-4405-b076-70db90dd67ce,6f5171b1-bcde-4db0-a6d1-ece2007fa8d6,started,2025-11-06 05:51:39,2026-01-30 17:53:39.422526,webform
c3d4bb6c-867d-426c-8d0f-0a5fdb033092,2c150696-be1c-409f-86ca-231b31ae3fad,beef5311-0fad-41df-8f0d-a45881addb60,started,2026-10-21 16:29:03,2026-01-30 17:53:39.422526,webform
b88fe424-fc17-47c8-be97-964588a33ca3,3e3fa0dc-adee-444a-ad8c-0fd7d4a3d4c4,35209231-cb85-48f4-bd5d-7a07205e7d89,waitlisted,2025-06-14 17:56:20,2026-01-30 17:53:39.422526,webform
151eaa65-5a93-42cc-ba0d-57125b679cdf,09f01b73-a867-4ffe-a17d-e26a373c932b,84a69683-2aef-444e-a1c4-605b8d4299ed,started,2026-09-04 02:54:51,2026-01-30 17:53:39.422526,webform
84bf9c9f-a7a8-455e-b604-cd85d05a81df,d4bc85c6-896e-45cc-a467-5cfd05ba9532,beef5311-0fad-41df-8f0d-a45881addb60,submitted,2026-09-04 06:20:06,2026-01-30 17:53:39.422526,webform
4ed4727d-9f09-4432-8ce2-f97427660eed,a35b344f-95aa-416c-8a76-4dafe6a05ffb,beef5311-0fad-41df-8f0d-a45881addb60,started,2026-10-07 12:55:32,2026-01-30 17:53:39.422526,webform
81788d8d-afec-4080-9840-a10b7c14b718,2d58cc9c-6ca8-41ae-b13c-d4276e9e1969,7f52cbac-0712-442c-90cc-a2de90ee1235,submitted,2026-04-01 10:58:22,2026-01-30 17:53:39.422526,webform
937f0d61-1245-48d9-ab4f-dcd3933fc878,403433af-8fc1-403a-9934-4a04a33408de,beef5311-0fad-41df-8f0d-a45881addb60,reviewed,2026-08-25 11:16:35,2026-01-30 17:53:39.422526,webform
0ee9b94a-0cbb-4652-a8bb-8f2a1127cdc5,7995fdb6-0770-40e7-a0d2-f7c813cceef2,84a69683-2aef-444e-a1c4-605b8d4299ed,reviewed,2026-10-29 17:50:59,2026-01-30 17:53:39.422526,webform
95902a74-0fbc-4d25-a712-0e7a161d2c4c,7995fdb6-0770-40e7-a0d2-f7c813cceef2,71595315-d434-4a61-b132-de61cce0166f,rejected,2025-07-14 16:31:58,2026-01-30 17:53:39.422526,webform
b1ad67eb-c048-4b2f-aeea-89dd04cbdd9f,25ffe397-b916-46b7-94ea-a371dc61e0a0,35209231-cb85-48f4-bd5d-7a07205e7d89,waitlisted,2026-11-04 23:45:33,2026-01-30 17:53:39.422526,webform
91e7c6bb-d80a-4a6f-9bb1-5a27ea72f68d,dad7789e-70d8-47fc-91c6-74ef95588a4b,71595315-d434-4a61-b132-de61cce0166f,started,2025-10-06 06:07:12,2026-01-30 17:53:39.422526,webform
82b2684c-4b49-4a83-a834-799fe0629ac4,6c5c8bef-cd71-4f96-9b1d-3cd2aa5d1ec3,6f5171b1-bcde-4db0-a6d1-ece2007fa8d6,started,2025-05-16 08:11:04,2026-01-30 17:53:39.422526,webform
0842412d-0cac-4c2f-af6d-2f9e8a1eb6a1,24bf8f8e-c22a-4fba-9a1b-6b9d25b65526,84a69683-2aef-444e-a1c4-605b8d4299ed,submitted,2026-07-31 02:37:36,2026-01-30 17:53:39.422526,webform
0fdf7f06-e7d2-4624-8260-f995bc1620a4,eba050a0-997e-40a7-a108-a7bf0ee79d5f,7f52cbac-0712-442c-90cc-a2de90ee1235,started,2026-08-03 04:12:29,2026-01-30 17:53:39.422526,webform
74cf6cda-6bf5-465b-9835-d3842dcf4fb0,53723e48-7593-45c7-9ec3-5e7e83de88d9,d0e87ca0-9dad-4427-a74f-5db2a550fb1a,accepted,2026-08-28 07:17:19,2026-01-30 17:53:39.422526,webform
2541f9b3-20e2-4114-80ba-0b79f7cef0d5,4ac3f769-7154-4920-9f34-f4ddd1f6e1b6,7f52cbac-0712-442c-90cc-a2de90ee1235,rejected,2025-03-26 16:54:50,2026-01-30 17:53:39.422526,webform
45219023-aae7-4dd6-b5a0-2e068c8f9ab3,bc25ce1c-7ed9-4eb4-9d7e-4e81313a7249,7f52cbac-0712-442c-90cc-a2de90ee1235,submitted,2026-04-23 18:25:21,2026-01-30 17:53:39.422526,webform
717a5077-b0e7-4add-a84f-b46d0a569f2d,b0bf5d02-40c2-4d38-861d-7c0248657564,7f52cbac-0712-442c-90cc-a2de90ee1235,reviewed,2025-12-22 18:31:53,2026-01-30 17:53:39.422526,webform
a6f39a16-4920-4ea9-8ba0-af9894e9321c,25f9e8f7-e5c8-4d4f-ba34-58009c8421a3,d0e87ca0-9dad-4427-a74f-5db2a550fb1a,accepted,2025-11-28 02:18:58,2026-01-30 17:53:39.422526,webform
9b9cc56a-7f32-480c-9b50-d98f4decea84,8a37a233-ef56-4b02-ae34-2bd6362f38ed,35209231-cb85-48f4-bd5d-7a07205e7d89,accepted,2026-07-08 08:07:22,2026-01-30 17:53:39.422526,webform
4aac833d-b13c-4492-9817-01721e6130ba,60d1b713-85ff-4dd1-b072-fb73c5d7bd1d,35209231-cb85-48f4-bd5d-7a07205e7d89,started,2025-09-08 04:35:58,2026-01-30 17:53:39.422526,webform
40a8fc88-ae4d-48bb-be04-842d67c1ef40,ffd4271f-9a23-45e2-be12-a7a455cff542,71595315-d434-4a61-b132-de61cce0166f,started,2025-04-09 00:22:54,2026-01-30 17:53:39.422526,webform
8cb3481b-0128-4fbe-b29f-a024d2c04acd,2c150696-be1c-409f-86ca-231b31ae3fad,7f52cbac-0712-442c-90cc-a2de90ee1235,waitlisted,2025-09-10 13:53:45,2026-01-30 17:53:39.422526,webform
3d0ea0c7-d719-4746-adbe-6a1d4fe438d7,6ec979e8-4016-4170-a5c1-2c64b3972544,7f52cbac-0712-442c-90cc-a2de90ee1235,reviewed,2025-12-19 09:52:06,2026-01-30 17:53:39.422526,webform
4ce8d69c-21be-4090-ae50-a25b471b6e83,8d93e1ca-5183-48c2-b871-0f532d3d4ad2,7425818d-e520-4ca7-a457-1cb54aa14d45,started,2026-09-09 00:22:57,2026-01-30 17:53:39.422526,webform
2b99b7b6-cf3c-4e60-8397-d7e301247601,036c9994-2aba-4172-83bf-510d92dc3b6f,35209231-cb85-48f4-bd5d-7a07205e7d89,waitlisted,2026-05-21 13:57:57,2026-01-30 17:53:39.422526,webform
f4111305-ffd6-4153-8a94-b6e1ee2de28b,5ee08a6b-fee9-474c-8189-7067e5f0ebc5,7f52cbac-0712-442c-90cc-a2de90ee1235,waitlisted,2026-11-04 05:56:46,2026-01-30 17:53:39.422526,webform
644f3d62-5e60-4554-8d26-51922ce64855,403433af-8fc1-403a-9934-4a04a33408de,7425818d-e520-4ca7-a457-1cb54aa14d45,accepted,2026-11-21 19:12:59,2026-01-30 17:53:39.422526,webform
61a67545-da21-4c5a-9d9c-e1b66822849c,19c12d2b-0ca4-43b3-8bf8-332205f4ee79,7425818d-e520-4ca7-a457-1cb54aa14d45,reviewed,2026-10-05 16:12:44,2026-01-30 17:53:39.422526,webform
37ec6513-42e5-4f0f-ac3c-dae247ad3fbd,3e3fa0dc-adee-444a-ad8c-0fd7d4a3d4c4,7425818d-e520-4ca7-a457-1cb54aa14d45,accepted,2026-07-21 16:57:46,2026-01-30 17:53:39.422526,webform
a728fb88-ee4b-48bd-a54b-7c0a28ca38f0,8756c8e6-4ba4-4aa8-b2fc-138dc3a55bba,6f5171b1-bcde-4db0-a6d1-ece2007fa8d6,accepted,2025-08-31 17:51:41,2026-01-30 17:53:39.422526,webform
181be4e8-93a5-48b4-ab8d-7a569dc20f6d,42fda6ea-c441-426e-9ce8-8588eb3b3a21,1f69f1a8-be74-445b-90d7-70b256d1e7c0,reviewed,2025-04-29 13:23:44,2026-01-30 17:53:39.422526,webform
07384b70-158b-44f6-8721-dca64b825138,8a37a233-ef56-4b02-ae34-2bd6362f38ed,d0e87ca0-9dad-4427-a74f-5db2a550fb1a,started,2025-03-12 20:33:11,2026-01-30 17:53:39.422526,webform
6f2f4df6-bc4f-446f-b7dd-51b254cc9e37,4a057dd7-4ec4-4bb3-a1e9-10bf453b171f,35209231-cb85-48f4-bd5d-7a07205e7d89,accepted,2025-03-17 00:05:29,2026-01-30 17:53:39.422526,webform
5ce3d2a4-7f8d-49c9-811b-b7d99dd3baf2,a1fb4e9a-30b7-4c7b-959f-94a915fc3fda,6f5171b1-bcde-4db0-a6d1-ece2007fa8d6,submitted,2026-03-09 03:30:08,2026-01-30 17:53:39.422526,webform
a3b083c0-2fdf-454f-8e8a-4d4e04e1e061,25f9e8f7-e5c8-4d4f-ba34-58009c8421a3,7f52cbac-0712-442c-90cc-a2de90ee1235,rejected,2025-09-14 01:02:47,2026-01-30 17:53:39.422526,webform
b2cde1ca-02fe-4f56-840a-26172cdc6e30,423110f4-b76f-4fa1-b562-27a436e6c027,35209231-cb85-48f4-bd5d-7a07205e7d89,accepted,2025-10-02 15:32:45,2026-01-30 17:53:39.422526,webform
8eda1263-060e-4b7a-b4c2-035724cbeaea,42fda6ea-c441-426e-9ce8-8588eb3b3a21,7425818d-e520-4ca7-a457-1cb54aa14d45,waitlisted,2025-02-09 23:01:27,2026-01-30 17:53:39.422526,webform
ea05f03b-aa94-4319-932e-9bc76a5a1b47,0139348c-e4b4-4c4b-9c8f-b540f2f00817,1f69f1a8-be74-445b-90d7-70b256d1e7c0,reviewed,2025-03-22 11:15:16,2026-01-30 17:53:39.422526,webform
afad138d-01a7-4493-ac78-8da156c9c7a9,20c757fa-bdba-4343-9fb7-a93f84881970,7f52cbac-0712-442c-90cc-a2de90ee1235,submitted,2025-05-01 04:22:46,2026-01-30 17:53:39.422526,webform
36f75504-d699-4fc1-a988-a357c991fe1f,014ecaac-9c37-4a09-9142-607d34ee0efc,d0e87ca0-9dad-4427-a74f-5db2a550fb1a,submitted,2026-10-21 02:20:52,2026-01-30 17:53:39.422526,webform
32cfa0e1-a03f-496f-a784-a8a51aa1a363,6fc2b5ac-6680-4f24-a36a-c0dd3edfc94e,6f5171b1-bcde-4db0-a6d1-ece2007fa8d6,rejected,2025-10-13 11:50:04,2026-01-30 17:53:39.422526,webform
66294788-e0d0-40b9-8b36-0a5be8fe3e46,c84f96f2-7e76-4a3f-8d8e-8da423ed0561,1f69f1a8-be74-445b-90d7-70b256d1e7c0,rejected,2025-06-25 15:54:39,2026-01-30 17:53:39.422526,webform
ec285350-2d73-4cd6-8733-e32c34f31e65,4dff76b5-befd-4be8-80f7-031ef52106e9,7f52cbac-0712-442c-90cc-a2de90ee1235,rejected,2026-04-22 13:50:05,2026-01-30 17:53:39.422526,webform
bb7fca8b-7710-426a-a220-231b5eaf49f4,6e4ae084-53a5-4a5f-a9dd-a752b1788ed9,7f52cbac-0712-442c-90cc-a2de90ee1235,started,2026-04-19 00:29:16,2026-01-30 17:53:39.422526,webform
85f1a468-490c-417a-88ab-40e7f1da9268,014ecaac-9c37-4a09-9142-607d34ee0efc,1f69f1a8-be74-445b-90d7-70b256d1e7c0,started,2025-05-21 03:11:57,2026-01-30 17:53:39.422526,webform
1116a67e-f4b7-4a04-a11f-819ca3afe7e7,f58da731-cd71-4c58-b4ab-f90ae36e4f8d,1f69f1a8-be74-445b-90d7-70b256d1e7c0,reviewed,2025-09-30 15:33:03,2026-01-30 17:53:39.422526,webform
8904d1b1-585c-40d8-9a57-c5ff1bd9bef5,6b61c374-57ee-43ad-a997-fbfea6f02157,71595315-d434-4a61-b132-de61cce0166f,submitted,2026-03-16 20:59:25,2026-01-30 17:53:39.422526,webform
5133b1db-0c29-4283-8bdb-c8f1b28d056d,abf62a76-cd68-49e2-bd2b-511a7bff7238,71595315-d434-4a61-b132-de61cce0166f,waitlisted,2026-05-07 19:10:54,2026-01-30 17:53:39.422526,webform
fbe504f2-481f-4c2f-8ac7-fc531ea93d02,8b9a1ae8-60af-4be4-921b-23a36391fa1c,35209231-cb85-48f4-bd5d-7a07205e7d89,waitlisted,2026-02-17 00:54:50,2026-01-30 17:53:39.422526,webform
9ddc2cc4-b066-4ed6-85ce-e5da625ea28c,eba050a0-997e-40a7-a108-a7bf0ee79d5f,d0e87ca0-9dad-4427-a74f-5db2a550fb1a,reviewed,2025-05-03 06:19:17,2026-01-30 17:53:39.422526,webform
5bf534c6-e8d3-42b1-be72-d643982ef441,1f3dfa62-10fc-4719-9141-0ccb9421b68e,1f69f1a8-be74-445b-90d7-70b256d1e7c0,waitlisted,2025-09-09 22:56:07,2026-01-30 17:53:39.422526,webform
6ca087c9-85b4-4a53-a6b9-40b765ca9c14,ffa461a3-8414-4edd-a2a9-4af344521e84,35209231-cb85-48f4-bd5d-7a07205e7d89,started,2025-05-01 20:13:10,2026-01-30 17:53:39.422526,webform
210c56d2-dac3-477d-95d6-c796f10b09d0,54067d05-8d84-4fcd-b193-3c33ab966244,84a69683-2aef-444e-a1c4-605b8d4299ed,waitlisted,2025-03-05 08:47:23,2026-01-30 17:53:39.422526,webform
600d817f-ea02-4c6d-a6fb-f700f3bfef40,f58da731-cd71-4c58-b4ab-f90ae36e4f8d,d0e87ca0-9dad-4427-a74f-5db2a550fb1a,waitlisted,2025-11-26 08:12:29,2026-01-30 17:53:39.422526,webform
a3884daf-0a8f-46fa-90d6-c1e13fd4e976,f2cefd64-036a-4007-a8cf-8c6ee93397ed,d0e87ca0-9dad-4427-a74f-5db2a550fb1a,accepted,2025-08-01 04:11:56,2026-01-30 17:53:39.422526,webform
0f075148-51ba-4d0b-89f3-7e998c4e2193,403433af-8fc1-403a-9934-4a04a33408de,7f52cbac-0712-442c-90cc-a2de90ee1235,started,2025-09-26 02:29:18,2026-01-30 17:53:39.422526,webform
783bd54b-da55-4de1-91db-8fd6770ee933,10fbd2d1-0301-4d09-994b-0d3c615b7c27,35209231-cb85-48f4-bd5d-7a07205e7d89,reviewed,2026-06-11 18:53:52,2026-01-30 17:53:39.422526,webform
963a2f06-5dee-49ce-93ee-b888b96272c4,d54e3425-d7be-4102-bbf7-3b4de3c8f2cd,d0e87ca0-9dad-4427-a74f-5db2a550fb1a,rejected,2026-06-03 04:15:08,2026-01-30 17:53:39.422526,webform
93dae2c8-78fc-4308-8486-0c24411bbf37,6c563627-e058-4f47-879f-fc29b06e0e98,84a69683-2aef-444e-a1c4-605b8d4299ed,submitted,2025-11-04 00:14:37,2026-01-30 17:53:39.422526,webform
06a2b0a6-c4e0-4d93-87f0-11bbee08a927,81e3b1bb-16f6-4f94-b2b8-4cabef0d3dc8,84a69683-2aef-444e-a1c4-605b8d4299ed,started,2025-06-08 18:43:23,2026-01-30 17:53:39.422526,webform
a0823790-7655-433c-952f-9b3582eca6bc,5ee08a6b-fee9-474c-8189-7067e5f0ebc5,71595315-d434-4a61-b132-de61cce0166f,reviewed,2025-08-13 19:41:08,2026-01-30 17:53:39.422526,webform
a139850b-88ad-49f3-9f58-58815068d9d9,5fcb114a-347e-41ab-97f3-65ff035641b0,35209231-cb85-48f4-bd5d-7a07205e7d89,started,2026-01-22 07:56:04,2026-01-30 17:53:39.422526,webform
9d7cad51-15ae-4241-b91f-34aac28f4db9,2abcfefb-b324-4632-93a5-f0ab2ddb3a6a,7425818d-e520-4ca7-a457-1cb54aa14d45,submitted,2025-04-11 08:11:45,2026-01-30 17:53:39.422526,webform
6b12e7ec-aff7-456c-86e7-c47b78831bb7,d7388c6a-adb5-441e-adba-5e2b02e9b047,beef5311-0fad-41df-8f0d-a45881addb60,rejected,2026-03-10 23:21:43,2026-01-30 17:53:39.422526,webform
27245fc1-45b4-4d20-9997-fe4eacdc3026,423110f4-b76f-4fa1-b562-27a436e6c027,6f5171b1-bcde-4db0-a6d1-ece2007fa8d6,started,2025-11-05 09:56:35,2026-01-30 17:53:39.422526,webform
9c1b6002-13af-4865-99ef-458fabf79b29,23193815-b6a8-48d7-bde6-d6ca79887312,84a69683-2aef-444e-a1c4-605b8d4299ed,accepted,2025-01-15 13:22:03,2026-01-30 17:53:39.422526,webform
f37cf69e-e82e-4323-94b8-087d56a25757,5f25ca1f-626d-4bf1-88b2-b683d12d22d0,35209231-cb85-48f4-bd5d-7a07205e7d89,reviewed,2026-03-24 04:55:43,2026-01-30 17:53:39.422526,webform
2dc4e94a-ea5b-4fd7-9970-237d731414d7,4dff76b5-befd-4be8-80f7-031ef52106e9,7425818d-e520-4ca7-a457-1cb54aa14d45,waitlisted,2026-05-13 05:06:20,2026-01-30 17:53:39.422526,webform
ef4e0551-ef65-406d-b088-76c76cae541a,c84f96f2-7e76-4a3f-8d8e-8da423ed0561,7425818d-e520-4ca7-a457-1cb54aa14d45,started,2025-09-10 06:07:03,2026-01-30 17:53:39.422526,webform
16b395b3-f509-4b69-8aa2-8352f16bceac,ae1afa01-86bc-43a0-9b12-2e964e9531d0,d0e87ca0-9dad-4427-a74f-5db2a550fb1a,waitlisted,2026-12-16 09:45:03,2026-01-30 17:53:39.422526,webform
79c89aef-faf8-4dfd-a7b9-0969cebe4020,7feb2ab1-60f5-40aa-8f02-9b6b2ba9d874,35209231-cb85-48f4-bd5d-7a07205e7d89,submitted,2025-12-05 09:35:56,2026-01-30 17:53:39.422526,webform
e77d0d3a-6d45-47ac-8ca3-a6732cb7a314,e55acf82-b197-41d0-9c0c-f62f7ce692e7,7425818d-e520-4ca7-a457-1cb54aa14d45,rejected,2025-03-03 02:05:16,2026-01-30 17:53:39.422526,webform
85360cbc-ddd3-49a8-bc48-512b3f82ad7f,1976729b-93f8-4a58-8e52-8fd40355476a,1f69f1a8-be74-445b-90d7-70b256d1e7c0,waitlisted,2025-09-21 16:59:10,2026-01-30 17:53:39.422526,webform
7607c2ec-2c4a-4df4-8cd6-07c833044dfd,01d1dc17-0ae1-4aa1-82ff-d211274ad369,6f5171b1-bcde-4db0-a6d1-ece2007fa8d6,submitted,2025-03-01 07:48:53,2026-01-30 17:53:39.422526,webform
37159f1b-f8b7-4948-8dca-2fa42f852295,836b9757-74ca-4746-ae66-84711d329907,35209231-cb85-48f4-bd5d-7a07205e7d89,rejected,2026-02-01 02:11:43,2026-01-30 17:53:39.422526,webform
057e9edd-46e1-4589-9aa7-1c23b6c3aa20,192b263b-d5a9-49ba-bb4f-d762e4185f9f,6f5171b1-bcde-4db0-a6d1-ece2007fa8d6,reviewed,2026-07-19 23:19:45,2026-01-30 17:53:39.422526,webform
ff07b478-4ea6-4797-8645-e8e53bec0514,48a2f847-65d5-4da2-b544-9d5c9be87af3,71595315-d434-4a61-b132-de61cce0166f,submitted,2025-03-21 20:24:55,2026-01-30 17:53:39.422526,webform
ae3d8e85-4e4c-4397-9c02-a58ba128d28f,7995fdb6-0770-40e7-a0d2-f7c813cceef2,1f69f1a8-be74-445b-90d7-70b256d1e7c0,submitted,2025-05-15 18:15:22,2026-01-30 17:53:39.422526,webform
3edefe9f-b459-48c3-9cd8-2a285af5983e,756560f7-3780-4a21-8795-d560beb72cbc,71595315-d434-4a61-b132-de61cce0166f,waitlisted,2025-02-28 12:41:12,2026-01-30 17:53:39.422526,webform
6215fc14-da2a-4598-9952-141c1e299e83,8016c9ff-2346-424a-931b-4cb2d2f52904,d0e87ca0-9dad-4427-a74f-5db2a550fb1a,accepted,2026-08-09 23:53:22,2026-01-30 17:53:39.422526,webform
5f36ecb6-321f-446b-b808-97d344738b92,a35b344f-95aa-416c-8a76-4dafe6a05ffb,d0e87ca0-9dad-4427-a74f-5db2a550fb1a,waitlisted,2026-12-19 19:29:02,2026-01-30 17:53:39.422526,webform
6bcfd5eb-6a78-4f7b-8881-2f361a42da13,a35b344f-95aa-416c-8a76-4dafe6a05ffb,6f5171b1-bcde-4db0-a6d1-ece2007fa8d6,waitlisted,2025-09-03 13:15:22,2026-01-30 17:53:39.422526,webform
0f88b4a1-50f6-4f9d-8de5-c9aa8460fd81,8fdd6287-2a2d-431e-8261-3aacbdde4023,d0e87ca0-9dad-4427-a74f-5db2a550fb1a,started,2025-12-31 05:19:21,2026-01-30 17:53:39.422526,webform
cd140972-8af3-459d-a161-9cb398552051,60d1b713-85ff-4dd1-b072-fb73c5d7bd1d,1f69f1a8-be74-445b-90d7-70b256d1e7c0,reviewed,2026-04-05 08:51:48,2026-01-30 17:53:39.422526,webform
8440e14d-8261-451e-ae4c-eaad6efda061,e703eea9-a92c-4364-8204-b8332cda81fc,6f5171b1-bcde-4db0-a6d1-ece2007fa8d6,rejected,2025-02-27 15:00:50,2026-01-30 17:53:39.422526,webform
63e6443d-76a6-4ae9-a0a2-af0d3aad3ad8,53b5f98f-9ba4-488d-aa4d-a52716f9d122,d0e87ca0-9dad-4427-a74f-5db2a550fb1a,accepted,2025-01-30 05:02:59,2026-01-30 17:53:39.422526,webform
5c7f79fd-b89d-4eb6-b0fc-f108c482241d,0139348c-e4b4-4c4b-9c8f-b540f2f00817,35209231-cb85-48f4-bd5d-7a07205e7d89,waitlisted,2026-11-03 06:47:17,2026-01-30 17:53:39.422526,webform
93c43baf-af64-4772-9b66-4f8e6a1e3ba4,163555e9-2cdf-4d97-983e-fc35350d7617,7f52cbac-0712-442c-90cc-a2de90ee1235,accepted,2025-12-26 09:34:13,2026-01-30 17:53:39.422526,webform
455b9d62-c188-4d36-a260-42c28c9b511d,c757ce42-d236-4152-856c-99b5aa029298,7f52cbac-0712-442c-90cc-a2de90ee1235,waitlisted,2026-11-27 20:21:12,2026-01-30 17:53:39.422526,webform
2530da0d-64f1-4a4a-a11f-bade62a4776a,04a056fa-c977-4f37-a358-63e050d8448f,d0e87ca0-9dad-4427-a74f-5db2a550fb1a,rejected,2026-05-22 07:07:51,2026-01-30 17:53:39.422526,webform
56f1c9e7-90ed-4175-9bf1-638c2bdf65a6,aa700485-6696-4d2b-9dcd-07ececbbfb0a,6f5171b1-bcde-4db0-a6d1-ece2007fa8d6,rejected,2026-01-05 10:22:03,2026-01-30 17:53:39.422526,webform
c0a7c320-e95b-42d2-a34a-19f76fc6770e,9ad52d80-6ec5-445b-8bfb-0567c3781b19,71595315-d434-4a61-b132-de61cce0166f,started,2025-12-16 22:21:34,2026-01-30 17:53:39.422526,webform
8a775f4e-2ffd-4d3f-8ba8-db4f4cca8cde,39515d34-ad71-4ef2-bf6f-6392f5be1a03,6f5171b1-bcde-4db0-a6d1-ece2007fa8d6,waitlisted,2025-03-07 12:00:32,2026-01-30 17:53:39.422526,webform
c253520d-4c78-4bea-8628-ba1783cca156,8d93e1ca-5183-48c2-b871-0f532d3d4ad2,71595315-d434-4a61-b132-de61cce0166f,started,2025-07-12 10:16:39,2026-01-30 17:53:39.422526,webform
ecd8da5b-4c25-4f23-8bd0-2e7269d6c6da,76da8ad1-42eb-4d96-a8c4-0dd148d41a0a,d0e87ca0-9dad-4427-a74f-5db2a550fb1a,accepted,2026-02-12 01:20:45,2026-01-30 17:53:39.422526,webform
14db45fd-790f-46ce-bf28-6be3efa024be,93391d7d-b4e6-4943-9990-6cb144a1b601,71595315-d434-4a61-b132-de61cce0166f,reviewed,2025-10-17 14:27:52,2026-01-30 17:53:39.422526,webform
5bb0f22f-5976-4154-8ae3-2abb67899fe5,2693c895-600b-4445-b133-92f037da6dee,7425818d-e520-4ca7-a457-1cb54aa14d45,accepted,2026-08-25 13:04:12,2026-01-30 17:53:39.422526,webform
9edf9ce1-6c7b-4201-a4f5-9b93ce02aa55,96851f74-273c-4736-a6ea-7ee404dc2561,84a69683-2aef-444e-a1c4-605b8d4299ed,waitlisted,2026-05-18 18:38:47,2026-01-30 17:53:39.422526,webform
50a4d836-3bec-4918-b7b8-ea14b5bbff69,d4bc85c6-896e-45cc-a467-5cfd05ba9532,35209231-cb85-48f4-bd5d-7a07205e7d89,reviewed,2025-03-15 09:43:06,2026-01-30 17:53:39.422526,webform
a7bc33ba-bcbd-4ba1-989a-c806e8d822a6,7c2f6d3e-9804-488e-85f1-2813aab7dce3,7425818d-e520-4ca7-a457-1cb54aa14d45,reviewed,2025-07-15 17:32:30,2026-01-30 17:53:39.422526,webform
890e38eb-db27-4787-95db-c931ce8a1ae6,7037fd4b-f7b3-49a4-92b4-5adf5b1e8465,71595315-d434-4a61-b132-de61cce0166f,reviewed,2025-03-05 07:18:25,2026-01-30 17:53:39.422526,webform
62beead5-23ac-4ea7-aa16-34d6aa3cd57b,d165ba16-320a-4a5d-b63c-cf81c919783f,71595315-d434-4a61-b132-de61cce0166f,reviewed,2025-08-29 23:08:19,2026-01-30 17:53:39.422526,webform
6935faed-066f-4dfb-bd63-c3b2f1f37cf3,1ef0ac13-8af1-4677-bc30-6d0ca191a9ef,7425818d-e520-4ca7-a457-1cb54aa14d45,submitted,2026-04-08 04:22:20,2026-01-30 17:53:39.422526,webform
c055a60b-c973-43e4-9163-6152bd8441ff,76da8ad1-42eb-4d96-a8c4-0dd148d41a0a,35209231-cb85-48f4-bd5d-7a07205e7d89,reviewed,2026-03-11 03:03:45,2026-01-30 17:53:39.422526,webform
e9266340-49d7-4728-9ec4-e717ffedd1ea,82d47b20-86fc-4fa1-a70e-58a78ea3e15e,6f5171b1-bcde-4db0-a6d1-ece2007fa8d6,submitted,2026-06-05 11:52:30,2026-01-30 17:53:39.422526,webform
9eefbe83-4414-4303-954c-f0c54a1bf68b,036c9994-2aba-4172-83bf-510d92dc3b6f,7f52cbac-0712-442c-90cc-a2de90ee1235,started,2026-05-17 18:46:31,2026-01-30 17:53:39.422526,webform
4121c24b-53f7-4ea8-95f6-d7d771f70a2b,423110f4-b76f-4fa1-b562-27a436e6c027,7425818d-e520-4ca7-a457-1cb54aa14d45,rejected,2025-10-09 00:57:52,2026-01-30 17:53:39.422526,webform
6984f2cf-77f3-44ff-b4f6-5b6805b22348,ae67cde3-7526-476b-bd4c-46ed90a767d7,6f5171b1-bcde-4db0-a6d1-ece2007fa8d6,reviewed,2025-05-21 00:20:39,2026-01-30 17:53:39.422526,webform
c7eb5c71-f8de-4094-ae6f-13eacdf7e13d,765d8fcc-e235-473c-9214-d1a55b7971b7,6f5171b1-bcde-4db0-a6d1-ece2007fa8d6,accepted,2025-05-30 03:14:13,2026-01-30 17:53:39.422526,webform
10343b27-1a5d-41fe-909d-13547ab8a426,6b7081c3-0837-4cfa-93c4-e4a7218108b7,71595315-d434-4a61-b132-de61cce0166f,submitted,2025-03-01 22:27:41,2026-01-30 17:53:39.422526,webform
2e09a966-cf7a-4ace-ad09-6a1e07cdd324,bd3c900d-5e90-4b16-90c9-77d35e523ba9,35209231-cb85-48f4-bd5d-7a07205e7d89,rejected,2026-08-22 18:08:46,2026-01-30 17:53:39.422526,webform
2903f9ed-b62a-4b0b-8e23-84e56caf6f95,d1f479a3-8650-4b58-9109-f633983a362f,7f52cbac-0712-442c-90cc-a2de90ee1235,started,2026-05-30 03:15:19,2026-01-30 17:53:39.422526,webform
9a555f9c-58dd-4837-b4ca-bbab37a41cb3,96851f74-273c-4736-a6ea-7ee404dc2561,71595315-d434-4a61-b132-de61cce0166f,rejected,2025-10-20 14:34:02,2026-01-30 17:53:39.422526,webform
c67a337e-def2-4988-9690-df01365d39de,9a94c6dd-56ca-4bcf-8cce-6f7338ebeba7,71595315-d434-4a61-b132-de61cce0166f,submitted,2026-10-08 17:23:42,2026-01-30 17:53:39.422526,webform
76c47a28-6d7e-4cd7-85d3-e9736a13ab01,f3959a7d-8791-4365-8816-5b8f5e8c6b94,71595315-d434-4a61-b132-de61cce0166f,waitlisted,2025-12-06 22:49:25,2026-01-30 17:53:39.422526,webform
22a00a66-3343-403b-bee4-9c7236fe8912,b0bf5d02-40c2-4d38-861d-7c0248657564,7425818d-e520-4ca7-a457-1cb54aa14d45,reviewed,2026-06-10 08:19:07,2026-01-30 17:53:39.422526,webform
582b25a6-821c-4169-9bfb-eb626e8dabee,9ff27dae-b97e-4547-bc39-faae532afa60,beef5311-0fad-41df-8f0d-a45881addb60,accepted,2026-04-20 06:19:25,2026-01-30 17:53:39.422526,webform
4f22c86c-8337-49c5-bd16-80f422a8fb67,2693c895-600b-4445-b133-92f037da6dee,d0e87ca0-9dad-4427-a74f-5db2a550fb1a,submitted,2026-02-19 18:41:21,2026-01-30 17:53:39.422526,webform
df221ae8-cf0f-4d66-9d42-b53c6ba70118,e6d5a353-1ae9-4075-8a39-acdd20a03d4c,1f69f1a8-be74-445b-90d7-70b256d1e7c0,accepted,2026-12-04 03:18:10,2026-01-30 17:53:39.422526,webform
021a92c2-7915-4fb2-b13d-4a51233aa18f,dea17abc-5b5d-4ab5-ac25-097f92dd0b9b,7425818d-e520-4ca7-a457-1cb54aa14d45,rejected,2026-02-14 16:33:47,2026-01-30 17:53:39.422526,webform
848ab0c1-292a-465e-a68a-38522a2de681,eba050a0-997e-40a7-a108-a7bf0ee79d5f,71595315-d434-4a61-b132-de61cce0166f,submitted,2026-09-15 08:33:16,2026-01-30 17:53:39.422526,webform
8501e9c5-b9a2-4f3a-bcbf-01916e9bbd87,f201821c-875b-4945-ad8e-309f5bc91835,84a69683-2aef-444e-a1c4-605b8d4299ed,waitlisted,2026-01-09 06:51:32,2026-01-30 17:53:39.422526,webform
d49a8d00-452c-4b8a-9583-4be590d7622a,d6c901f5-bed8-4496-b3d6-69794c081fe2,7f52cbac-0712-442c-90cc-a2de90ee1235,started,2026-07-07 13:28:31,2026-01-30 17:53:39.422526,webform
7603f3bd-dc8c-4b90-925f-2e14c8a60d7f,4aed3f9c-13d5-454b-9682-0fa4cf203b29,35209231-cb85-48f4-bd5d-7a07205e7d89,reviewed,2025-03-07 03:32:44,2026-01-30 17:53:39.422526,webform
7c367f29-c150-4151-b8c6-0dc59acfd038,2d58cc9c-6ca8-41ae-b13c-d4276e9e1969,71595315-d434-4a61-b132-de61cce0166f,reviewed,2025-12-15 23:55:02,2026-01-30 17:53:39.422526,webform
1d66fa18-b813-494e-b8cc-832a2fdc8f8d,9df2c0f8-fde6-4c3f-8475-e21374ae5210,71595315-d434-4a61-b132-de61cce0166f,accepted,2025-03-13 05:39:53,2026-01-30 17:53:39.422526,webform
1e157245-063a-4cac-8cbe-a7ecd57a0ae7,01d1dc17-0ae1-4aa1-82ff-d211274ad369,d0e87ca0-9dad-4427-a74f-5db2a550fb1a,reviewed,2026-12-24 17:15:14,2026-01-30 17:53:39.422526,webform
4c1e3b24-9179-4885-82d2-bc6d743895f9,dad7789e-70d8-47fc-91c6-74ef95588a4b,7425818d-e520-4ca7-a457-1cb54aa14d45,started,2025-11-04 22:26:15,2026-01-30 17:53:39.422526,webform
43be8993-d3fb-45a6-958f-d6d12807eaea,9ad52d80-6ec5-445b-8bfb-0567c3781b19,6f5171b1-bcde-4db0-a6d1-ece2007fa8d6,submitted,2025-10-27 22:39:29,2026-01-30 17:53:39.422526,webform
29e6e35e-ad2c-45f6-bb49-37106175f056,200ea41e-13df-47d4-b9f9-9ff966c5da04,6f5171b1-bcde-4db0-a6d1-ece2007fa8d6,submitted,2025-01-22 21:27:14,2026-01-30 17:53:39.422526,webform
63ac64cd-6885-4768-934d-3db9d52af25e,1ef4b50a-834a-48f0-946f-2767d8bb3e75,35209231-cb85-48f4-bd5d-7a07205e7d89,waitlisted,2026-05-20 20:08:43,2026-01-30 17:53:39.422526,webform
e5ccc99b-3dd1-4179-a7b5-949d60acea0c,d4bc85c6-896e-45cc-a467-5cfd05ba9532,71595315-d434-4a61-b132-de61cce0166f,submitted,2025-01-30 18:01:23,2026-01-30 17:53:39.422526,webform
7ce0bdbd-c193-4dd3-a24e-d96dc9897ec5,0139348c-e4b4-4c4b-9c8f-b540f2f00817,d0e87ca0-9dad-4427-a74f-5db2a550fb1a,waitlisted,2026-10-08 13:01:20,2026-01-30 17:53:39.422526,webform
fc617326-2e6e-4f1e-bfb1-275f3a6a24c1,ce900e88-2801-43c6-be9c-a6aa2ab6cf1e,d0e87ca0-9dad-4427-a74f-5db2a550fb1a,accepted,2026-04-23 22:55:22,2026-01-30 17:53:39.422526,webform
fbdf586a-591c-432e-afd6-5098778411b6,6b61c374-57ee-43ad-a997-fbfea6f02157,35209231-cb85-48f4-bd5d-7a07205e7d89,started,2025-07-18 18:46:04,2026-01-30 17:53:39.422526,webform
82602a7f-d7e2-493d-9636-f6fc9e3c3ee4,403433af-8fc1-403a-9934-4a04a33408de,71595315-d434-4a61-b132-de61cce0166f,rejected,2026-07-19 20:38:20,2026-01-30 17:53:39.422526,webform
2ba0f81d-48f6-4be1-b90f-c333faff6639,ffd4271f-9a23-45e2-be12-a7a455cff542,7f52cbac-0712-442c-90cc-a2de90ee1235,accepted,2025-03-28 08:40:23,2026-01-30 17:53:39.422526,webform
1d28bd48-4792-47b3-9088-d92f7e11f7ea,ffa461a3-8414-4edd-a2a9-4af344521e84,1f69f1a8-be74-445b-90d7-70b256d1e7c0,submitted,2025-08-22 21:51:54,2026-01-30 17:53:39.422526,webform
013814df-761b-44e2-a388-2d3511df853d,69121299-8875-4a9e-bb23-266178f2a95d,84a69683-2aef-444e-a1c4-605b8d4299ed,submitted,2025-11-23 02:06:55,2026-01-30 17:53:39.422526,webform
6b662e00-cf20-455f-8ac6-bb4e01fa6446,2b0f66c3-ed3f-4a4e-ae62-d6bd10de629e,d0e87ca0-9dad-4427-a74f-5db2a550fb1a,started,2025-03-28 02:32:27,2026-01-30 17:53:39.422526,webform
77d78edd-09a8-432f-854b-2bd048127340,03381d2e-3707-4a8f-9ba0-01ad001d9a3f,7f52cbac-0712-442c-90cc-a2de90ee1235,started,2026-05-06 20:29:38,2026-01-30 17:53:39.422526,webform
a62a37cc-5209-4e9f-8181-5dee1e5cac75,9df2c0f8-fde6-4c3f-8475-e21374ae5210,beef5311-0fad-41df-8f0d-a45881addb60,waitlisted,2025-04-22 12:27:58,2026-01-30 17:53:39.422526,webform
4d44f5e3-1dec-4da8-8ec9-5f37b3c3b819,345b6e97-445f-4df2-bc44-ee18574a08f4,7425818d-e520-4ca7-a457-1cb54aa14d45,started,2026-04-23 12:52:52,2026-01-30 17:53:39.422526,webform
d7df07c2-d3e8-4346-9566-604c278b67b9,49d04dc7-1568-4647-9353-69706d11e4b6,7425818d-e520-4ca7-a457-1cb54aa14d45,submitted,2026-06-01 00:46:43,2026-01-30 17:53:39.422526,webform
0559ef90-8b5c-473e-aba8-e6a3571d0951,02371852-eea2-4458-a2ae-fb412e910cfd,6f5171b1-bcde-4db0-a6d1-ece2007fa8d6,started,2026-02-13 14:27:31,2026-01-30 17:53:39.422526,webform
02f6042f-9129-42fa-823b-36a60aa87da4,20c97eb5-ae33-4405-b076-70db90dd67ce,7f52cbac-0712-442c-90cc-a2de90ee1235,rejected,2026-03-07 10:08:28,2026-01-30 17:53:39.422526,webform
2031644e-facd-4c20-8d67-a1baa38d18a7,16e508c0-5319-4d3f-8b6e-2bc5a16542ee,7425818d-e520-4ca7-a457-1cb54aa14d45,accepted,2025-02-03 19:32:25,2026-01-30 17:53:39.422526,webform
0ad7de0b-5a8e-487d-863e-d8ebbaf3f95e,6b55011c-8e62-43e3-b71f-00ab3f631ba6,7425818d-e520-4ca7-a457-1cb54aa14d45,reviewed,2025-07-17 00:23:00,2026-01-30 17:53:39.422526,webform
bd5466a7-ea1b-4579-84c5-fb64cc5bc8f0,2abcfefb-b324-4632-93a5-f0ab2ddb3a6a,84a69683-2aef-444e-a1c4-605b8d4299ed,reviewed,2026-09-05 11:04:42,2026-01-30 17:53:39.422526,webform
b2326f27-2b68-446b-8935-9bafb8aa0eed,abf62a76-cd68-49e2-bd2b-511a7bff7238,6f5171b1-bcde-4db0-a6d1-ece2007fa8d6,submitted,2026-07-24 07:00:39,2026-01-30 17:53:39.422526,webform
bb2df2a1-c440-4c2a-970f-e540484b4e7a,014ecaac-9c37-4a09-9142-607d34ee0efc,35209231-cb85-48f4-bd5d-7a07205e7d89,rejected,2026-07-26 00:52:43,2026-01-30 17:53:39.422526,webform
6d973b2e-e315-43ba-99aa-1c7f26a66bfe,71ddcc28-c32a-4e93-bfb6-f8dbded2617c,6f5171b1-bcde-4db0-a6d1-ece2007fa8d6,submitted,2025-02-04 10:28:37,2026-01-30 17:53:39.422526,webform
c1e65334-cddc-4238-8b74-5260c8e8b618,487f6a0d-e59f-4193-ab11-b96113d79df9,7f52cbac-0712-442c-90cc-a2de90ee1235,reviewed,2026-09-24 20:54:15,2026-01-30 17:53:39.422526,webform
a83d50a4-2104-46c3-ba96-7489136c96f1,09f01b73-a867-4ffe-a17d-e26a373c932b,71595315-d434-4a61-b132-de61cce0166f,waitlisted,2025-12-27 21:11:54,2026-01-30 17:53:39.422526,webform
3841a204-a5da-4dab-9baa-1d7acd1a6488,47a1c989-0e39-4327-928e-e9195fb18138,d0e87ca0-9dad-4427-a74f-5db2a550fb1a,waitlisted,2025-05-22 13:54:29,2026-01-30 17:53:39.422526,webform
18b83e56-8375-4fed-929b-d2b04285d638,6e863882-d3a1-4ff6-b582-cc270d61ff4c,35209231-cb85-48f4-bd5d-7a07205e7d89,waitlisted,2026-08-26 21:14:15,2026-01-30 17:53:39.422526,webform
c35aa0e7-2c01-4439-89bf-e25ba3321ca3,5f25ca1f-626d-4bf1-88b2-b683d12d22d0,84a69683-2aef-444e-a1c4-605b8d4299ed,reviewed,2025-06-06 13:55:42,2026-01-30 17:53:39.422526,webform
d319faf0-e6dc-46aa-bffd-b2881dbd08e1,b0bf5d02-40c2-4d38-861d-7c0248657564,beef5311-0fad-41df-8f0d-a45881addb60,started,2025-09-03 03:07:56,2026-01-30 17:53:39.422526,webform
066d7c77-dc36-49c0-851f-72fe74ab3cf8,53b5f98f-9ba4-488d-aa4d-a52716f9d122,7f52cbac-0712-442c-90cc-a2de90ee1235,accepted,2026-09-26 08:16:15,2026-01-30 17:53:39.422526,webform
