contact_id,contact_type,first_name,last_name,email,phone,linkedin_url,primary_school_account_id,created_at
f602fc07-cbe8-461e-b54b-c779c701f8a8,student,Cameron,Marshall,jacqueline75@example.org,820.826.5011x4813,https://linkedin.com/in/cameron-marshall-703,a1d3b662-d918-448e-9c20-6a1fb8ce55e9,2026-01-30 17:53:28.445082
6b61c374-57ee-43ad-a997-fbfea6f02157,student,Anna,Nichols,davisaaron@example.net,752.477.6251x707,,9d0e951a-e86e-40bd-9486-178b4acf0938,2026-01-30 17:53:28.445082
3e98864a-46b4-496c-a3d3-30956a54598d,student,Julie,Mcbride,yjackson@example.org,+1-682-934-0938x9906,https://linkedin.com/in/julie-mcbride-881,a1d3b662-d918-448e-9c20-6a1fb8ce55e9,2026-01-30 17:53:28.445082
af35c024-eb3d-49c0-9b5e-23bb8419f8a8,student,Audrey,Walters,stephaniemedina@example.com,367-815-8248x140,https://linkedin.com/in/audrey-walters-452,9d0e951a-e86e-40bd-9486-178b4acf0938,2026-01-30 17:53:28.445082
ae67cde3-7526-476b-bd4c-46ed90a767d7,student,Justin,Hicks,jonathanwilliamson@example.org,+1-371-594-9221,https://linkedin.com/in/justin-hicks-227,,2026-01-30 17:53:28.445082
16e508c0-5319-4d3f-8b6e-2bc5a16542ee,student,Benjamin,Zimmerman,wjackson@example.com,813-268-8036,,e82069dd-1178-4da1-b077-318efbda57ae,2026-01-30 17:53:28.445082
dad7789e-70d8-47fc-91c6-74ef95588a4b,student,Patricia,Johnson,andersonchristina@example.org,,https://linkedin.com/in/patricia-johnson-333,9d0e951a-e86e-40bd-9486-178b4acf0938,2026-01-30 17:53:28.445082
8b9a1ae8-60af-4be4-921b-23a36391fa1c,student,Sara,Bell,,,,9d0e951a-e86e-40bd-9486-178b4acf0938,2026-01-30 17:53:28.445082
55cf1226-aeb9-4d4f-8e35-3b89991b57f2,student,Christopher,Flores,lynn13@example.com,679-437-3455,https://linkedin.com/in/christopher-flores-479,e82069dd-1178-4da1-b077-318efbda57ae,2026-01-30 17:53:28.445082
2976d7e2-e041-47db-bd53-fab4781bae21,student,Elizabeth,Dean,burnsseth@example.com,+1-573-831-7774,,9d0e951a-e86e-40bd-9486-178b4acf0938,2026-01-30 17:53:28.445082
04a056fa-c977-4f37-a358-63e050d8448f,student,Robert,Foster,ian47@example.net,(505)221-9738,https://linkedin.com/in/robert-foster-350,a1d3b662-d918-448e-9c20-6a1fb8ce55e9,2026-01-30 17:53:28.445082
b0bf5d02-40c2-4d38-861d-7c0248657564,student,Leah,Duncan,jamesbarr@example.org,209-214-8956,,20b21f8a-4263-4daa-8a70-27382a99955a,2026-01-30 17:53:28.445082
7658802c-a751-418d-ba52-db345efadd3a,student,Andrew,Williams,sabrinastevens@example.com,,,a1d3b662-d918-448e-9c20-6a1fb8ce55e9,2026-01-30 17:53:28.445082
b77e2006-2c34-4c3a-a1d6-779afd82c02e,student,Krystal,Roth,frank11@example.com,717.574.3182x1618,https://linkedin.com/in/krystal-roth-374,7ad28c87-624b-44f8-9b06-9d2bfa38fb17,2026-01-30 17:53:28.445082
e703eea9-a92c-4364-8204-b8332cda81fc,student,Mary,Keith,sanchezashley@example.com,,,7ad28c87-624b-44f8-9b06-9d2bfa38fb17,2026-01-30 17:53:28.445082
25f9e8f7-e5c8-4d4f-ba34-58009c8421a3,student,Raymond,Gutierrez,nelsondana@example.org,641.411.5611x6474,,9d0e951a-e86e-40bd-9486-178b4acf0938,2026-01-30 17:53:28.445082
53723e48-7593-45c7-9ec3-5e7e83de88d9,student,Paul,Estes,tmorgan@example.com,001-717-393-4424x14737,https://linkedin.com/in/paul-estes-674,a1d3b662-d918-448e-9c20-6a1fb8ce55e9,2026-01-30 17:53:28.445082
abf62a76-cd68-49e2-bd2b-511a7bff7238,student,Wendy,Chavez,greenkelly@example.org,578-754-8822x18278,,,2026-01-30 17:53:28.445082
4cfaffba-8db7-40fb-ae6d-99b1602b738e,student,Lindsay,Waters,reginald08@example.net,,https://linkedin.com/in/lindsay-waters-605,e82069dd-1178-4da1-b077-318efbda57ae,2026-01-30 17:53:28.445082
5fdd4c99-93cc-4204-bc12-c65ccc30627a,student,Joyce,Marsh,donna63@example.org,,https://linkedin.com/in/joyce-marsh-263,7ad28c87-624b-44f8-9b06-9d2bfa38fb17,2026-01-30 17:53:28.445082
200ea41e-13df-47d4-b9f9-9ff966c5da04,student,Travis,Brown,pwolf@example.net,256.586.5438,https://linkedin.com/in/travis-brown-579,a1d3b662-d918-448e-9c20-6a1fb8ce55e9,2026-01-30 17:53:28.445082
4a057dd7-4ec4-4bb3-a1e9-10bf453b171f,student,Joanna,Mercer,kelly72@example.net,(878)764-1174x285,,,2026-01-30 17:53:28.445082
4c99c7c2-d947-4b84-9a19-180cf65690a5,student,Devon,Fischer,darrell62@example.com,,https://linkedin.com/in/devon-fischer-373,a1d3b662-d918-448e-9c20-6a1fb8ce55e9,2026-01-30 17:53:28.445082
163555e9-2cdf-4d97-983e-fc35350d7617,student,Debra,Graham,brettcardenas@example.org,+1-403-399-6065,https://linkedin.com/in/debra-graham-103,a1d3b662-d918-448e-9c20-6a1fb8ce55e9,2026-01-30 17:53:28.445082
8756c8e6-4ba4-4aa8-b2fc-138dc3a55bba,student,Jeffrey,Hill,jenniferthomas@example.net,+1-812-633-6522x7112,https://linkedin.com/in/jeffrey-hill-282,a1d3b662-d918-448e-9c20-6a1fb8ce55e9,2026-01-30 17:53:28.445082
2707b3af-5257-4c77-b6f3-3a0f0d196456,student,Paul,Acosta,brittany33@example.org,,https://linkedin.com/in/paul-acosta-754,,2026-01-30 17:53:28.445082
39515d34-ad71-4ef2-bf6f-6392f5be1a03,student,Christopher,Vasquez,lmclaughlin@example.net,(450)211-7471,,,2026-01-30 17:53:28.445082
6fc2b5ac-6680-4f24-a36a-c0dd3edfc94e,student,Richard,Johnson,,,,,2026-01-30 17:53:28.445082
ba660080-e393-4506-804a-6f9ffcb077c4,student,Derrick,Ward,pmartin@example.net,+1-950-934-5309x66546,,,2026-01-30 17:53:28.445082
c84f96f2-7e76-4a3f-8d8e-8da423ed0561,student,Jessica,Martinez,andersonemily@example.com,+1-547-242-3965x562,,9d0e951a-e86e-40bd-9486-178b4acf0938,2026-01-30 17:53:28.445082
93f1bfcf-6988-42fb-9781-686fe8019e88,student,Kimberly,Johnston,nataliemay@example.com,4409508406,https://linkedin.com/in/kimberly-johnston-878,7ad28c87-624b-44f8-9b06-9d2bfa38fb17,2026-01-30 17:53:28.445082
69121299-8875-4a9e-bb23-266178f2a95d,student,Stephen,Ramsey,lauramoss@example.net,364-235-5836,https://linkedin.com/in/stephen-ramsey-662,,2026-01-30 17:53:28.445082
0acb108f-2009-496b-8966-0bcb63ed4e60,student,Kristine,Dyer,melissa39@example.org,,https://linkedin.com/in/kristine-dyer-316,20b21f8a-4263-4daa-8a70-27382a99955a,2026-01-30 17:53:28.445082
bc24f219-a302-468a-a236-bf95f331fa39,student,Regina,Wilcox,jenniferburns@example.org,,,,2026-01-30 17:53:28.445082
6e863882-d3a1-4ff6-b582-cc270d61ff4c,student,Sean,Rowe,,+1-848-587-0236x53206,https://linkedin.com/in/sean-rowe-629,e82069dd-1178-4da1-b077-318efbda57ae,2026-01-30 17:53:28.445082
ce900e88-2801-43c6-be9c-a6aa2ab6cf1e,student,Jason,Edwards,justin57@example.com,784-730-2003,https://linkedin.com/in/jason-edwards-702,e82069dd-1178-4da1-b077-318efbda57ae,2026-01-30 17:53:28.445082
701b9876-ee34-4e06-aa50-78b7e883abc4,student,Sarah,Payne,collierhannah@example.org,+1-916-988-5933x2398,https://linkedin.com/in/sarah-payne-746,,2026-01-30 17:53:28.445082
7995fdb6-0770-40e7-a0d2-f7c813cceef2,student,Susan,Baker,james74@example.com,,,7ad28c87-624b-44f8-9b06-9d2bfa38fb17,2026-01-30 17:53:28.445082
8fdd6287-2a2d-431e-8261-3aacbdde4023,student,William,Robinson,johnsoncaleb@example.net,+1-342-805-2923x40291,https://linkedin.com/in/william-robinson-652,7ad28c87-624b-44f8-9b06-9d2bfa38fb17,2026-01-30 17:53:28.445082
9a94c6dd-56ca-4bcf-8cce-6f7338ebeba7,student,Frank,Pratt,jamesdodson@example.com,,,20b21f8a-4263-4daa-8a70-27382a99955a,2026-01-30 17:53:28.445082
54067d05-8d84-4fcd-b193-3c33ab966244,student,Susan,Morgan,allisonnicholson@example.net,,https://linkedin.com/in/susan-morgan-199,20b21f8a-4263-4daa-8a70-27382a99955a,2026-01-30 17:53:28.445082
ed865ba1-25e2-4e5f-aace-892dd18ca825,student,Mark,Morris,drewroberts@example.net,001-234-237-7224x0471,https://linkedin.com/in/mark-morris-846,a1d3b662-d918-448e-9c20-6a1fb8ce55e9,2026-01-30 17:53:28.445082
e5b15311-e310-4348-a628-5e5bd1404a64,student,Joshua,Moore,mariowood@example.net,,https://linkedin.com/in/joshua-moore-512,7ad28c87-624b-44f8-9b06-9d2bfa38fb17,2026-01-30 17:53:28.445082
ae1afa01-86bc-43a0-9b12-2e964e9531d0,student,Jacob,Pham,deckermaria@example.org,,https://linkedin.com/in/jacob-pham-294,a1d3b662-d918-448e-9c20-6a1fb8ce55e9,2026-01-30 17:53:28.445082
25ffe397-b916-46b7-94ea-a371dc61e0a0,student,Betty,Medina,churchelizabeth@example.net,(710)473-5103x37147,https://linkedin.com/in/betty-medina-355,,2026-01-30 17:53:28.445082
8016c9ff-2346-424a-931b-4cb2d2f52904,student,Shannon,Ramos,ericcook@example.org,,,7ad28c87-624b-44f8-9b06-9d2bfa38fb17,2026-01-30 17:53:28.445082
7bf2e326-8cfb-4c5a-b008-ecdb25fc43a8,student,Kelly,Moss,vprice@example.net,(832)623-5623,https://linkedin.com/in/kelly-moss-195,7ad28c87-624b-44f8-9b06-9d2bfa38fb17,2026-01-30 17:53:28.445082
12f3e328-53be-4d67-867b-4ec6d914f4e9,student,Destiny,Reyes,wedwards@example.net,(972)805-3488,https://linkedin.com/in/destiny-reyes-510,20b21f8a-4263-4daa-8a70-27382a99955a,2026-01-30 17:53:28.445082
aa700485-6696-4d2b-9dcd-07ececbbfb0a,student,Elizabeth,Bush,yjordan@example.net,001-222-809-6270,https://linkedin.com/in/elizabeth-bush-902,7ad28c87-624b-44f8-9b06-9d2bfa38fb17,2026-01-30 17:53:28.445082
192b263b-d5a9-49ba-bb4f-d762e4185f9f,student,Roberto,Cross,bauermelinda@example.com,,,e82069dd-1178-4da1-b077-318efbda57ae,2026-01-30 17:53:28.445082
383ec6b2-e1ef-42c7-8684-b2529a11edf5,student,Reginald,Brown,ryanjohnston@example.net,3705995875,https://linkedin.com/in/reginald-brown-322,,2026-01-30 17:53:28.445082
153eeb16-25e4-4988-b73a-5572f33771c8,student,John,Carr,alexanderrivera@example.org,+1-606-541-1791,,7ad28c87-624b-44f8-9b06-9d2bfa38fb17,2026-01-30 17:53:28.445082
31f7ffa8-273d-4f7b-89f4-0d93249df9ec,student,Eric,Odom,wchavez@example.org,(448)900-1239x19068,,7ad28c87-624b-44f8-9b06-9d2bfa38fb17,2026-01-30 17:53:28.445082
ab3d95e0-267e-4357-aca2-045c2e2bbd98,student,Sandra,Moore,kyle34@example.org,,https://linkedin.com/in/sandra-moore-290,,2026-01-30 17:53:28.445082
765d8fcc-e235-473c-9214-d1a55b7971b7,student,Nathan,Hammond,jasonmcclain@example.org,,https://linkedin.com/in/nathan-hammond-222,7ad28c87-624b-44f8-9b06-9d2bfa38fb17,2026-01-30 17:53:28.445082
403433af-8fc1-403a-9934-4a04a33408de,student,Ryan,Becker,christensensean@example.org,648-574-3560,,,2026-01-30 17:53:28.445082
01d1dc17-0ae1-4aa1-82ff-d211274ad369,student,Eric,Bell,amyholt@example.com,(482)695-4857,https://linkedin.com/in/eric-bell-367,e82069dd-1178-4da1-b077-318efbda57ae,2026-01-30 17:53:28.445082
6b7081c3-0837-4cfa-93c4-e4a7218108b7,student,Joel,Garcia,rshaffer@example.org,712.766.0148,https://linkedin.com/in/joel-garcia-234,20b21f8a-4263-4daa-8a70-27382a99955a,2026-01-30 17:53:28.445082
19c12d2b-0ca4-43b3-8bf8-332205f4ee79,student,Pamela,Chavez,wray@example.com,+1-662-599-1613,,a1d3b662-d918-448e-9c20-6a1fb8ce55e9,2026-01-30 17:53:28.445082
455e097e-361b-45de-a24a-46663b25d18c,student,Paul,Marshall,eddie61@example.com,001-843-228-9286x21751,,7ad28c87-624b-44f8-9b06-9d2bfa38fb17,2026-01-30 17:53:28.445082
6c5c8bef-cd71-4f96-9b1d-3cd2aa5d1ec3,student,Natalie,Adams,peterglenn@example.com,+1-448-852-1157x42908,https://linkedin.com/in/natalie-adams-457,7ad28c87-624b-44f8-9b06-9d2bfa38fb17,2026-01-30 17:53:28.445082
e6d5a353-1ae9-4075-8a39-acdd20a03d4c,student,Catherine,Ramos,burnsdarrell@example.net,496-344-2520,https://linkedin.com/in/catherine-ramos-953,7ad28c87-624b-44f8-9b06-9d2bfa38fb17,2026-01-30 17:53:28.445082
665274a9-147c-4a4c-bdba-c30f93319400,student,Mary,Williams,ramireznatalie@example.com,+1-626-748-3850x52460,,,2026-01-30 17:53:28.445082
0649189c-add8-4e8b-a963-d8945d8a3889,student,Jessica,Wall,petersonsamuel@example.net,,,a1d3b662-d918-448e-9c20-6a1fb8ce55e9,2026-01-30 17:53:28.445082
f201821c-875b-4945-ad8e-309f5bc91835,student,Priscilla,Garrett,swilliams@example.com,,https://linkedin.com/in/priscilla-garrett-209,a1d3b662-d918-448e-9c20-6a1fb8ce55e9,2026-01-30 17:53:28.445082
86548863-dbe5-4c5f-87b5-e9468cb0eed5,student,Kendra,Nguyen,mosleyrodney@example.com,(741)280-1071,,a1d3b662-d918-448e-9c20-6a1fb8ce55e9,2026-01-30 17:53:28.445082
de693cf6-863d-4755-a886-c7eef0493ba9,student,Daniel,Pham,matthew08@example.org,,,a1d3b662-d918-448e-9c20-6a1fb8ce55e9,2026-01-30 17:53:28.445082
24bf8f8e-c22a-4fba-9a1b-6b9d25b65526,student,John,Knight,qbennett@example.net,,,,2026-01-30 17:53:28.445082
976d6cd8-02ef-463a-a23d-703efcd0ed49,student,Jesse,Harrington,annalexander@example.com,,https://linkedin.com/in/jesse-harrington-441,7ad28c87-624b-44f8-9b06-9d2bfa38fb17,2026-01-30 17:53:28.445082
f58da731-cd71-4c58-b4ab-f90ae36e4f8d,student,Kristy,Reeves,steven23@example.net,001-578-695-3409,,20b21f8a-4263-4daa-8a70-27382a99955a,2026-01-30 17:53:28.445082
2c150696-be1c-409f-86ca-231b31ae3fad,student,William,Taylor,christinahayes@example.com,452-590-6505,https://linkedin.com/in/william-taylor-807,,2026-01-30 17:53:28.445082
3a535f94-9ca2-4548-8ae0-c70dcb7bf079,student,Alexandra,Gordon,thomasamanda@example.org,,,20b21f8a-4263-4daa-8a70-27382a99955a,2026-01-30 17:53:28.445082
2693c895-600b-4445-b133-92f037da6dee,student,Lawrence,Townsend,vanessabecker@example.net,932.892.8130x2395,https://linkedin.com/in/lawrence-townsend-915,20b21f8a-4263-4daa-8a70-27382a99955a,2026-01-30 17:53:28.445082
0139348c-e4b4-4c4b-9c8f-b540f2f00817,student,Justin,Wood,alexpatterson@example.org,8688683321,https://linkedin.com/in/justin-wood-205,7ad28c87-624b-44f8-9b06-9d2bfa38fb17,2026-01-30 17:53:28.445082
345b6e97-445f-4df2-bc44-ee18574a08f4,student,Stephen,Bowers,hodgesnathaniel@example.com,,https://linkedin.com/in/stephen-bowers-735,9d0e951a-e86e-40bd-9486-178b4acf0938,2026-01-30 17:53:28.445082
bd3c900d-5e90-4b16-90c9-77d35e523ba9,student,Anthony,Shea,tammythomas@example.org,,,a1d3b662-d918-448e-9c20-6a1fb8ce55e9,2026-01-30 17:53:28.445082
b298d036-86e3-46c9-ae16-b6ce9a474727,student,Tammy,Freeman,brockjoseph@example.net,+1-829-569-6509,,20b21f8a-4263-4daa-8a70-27382a99955a,2026-01-30 17:53:28.445082
1c713a23-c8d2-4305-91f7-27264ead3fa7,student,Adrian,Camacho,rachel71@example.com,001-711-352-1008x5041,,9d0e951a-e86e-40bd-9486-178b4acf0938,2026-01-30 17:53:28.445082
6c563627-e058-4f47-879f-fc29b06e0e98,student,James,Ortiz,jmorgan@example.org,001-220-902-4932x8735,,a1d3b662-d918-448e-9c20-6a1fb8ce55e9,2026-01-30 17:53:28.445082
53b5f98f-9ba4-488d-aa4d-a52716f9d122,student,James,Houston,pittmanmichael@example.org,001-761-565-6803x3480,https://linkedin.com/in/james-houston-304,7ad28c87-624b-44f8-9b06-9d2bfa38fb17,2026-01-30 17:53:28.445082
d5b5fa8d-4afb-4754-9827-8e842a7a8ab6,student,Andrea,Love,joshuaclark@example.com,,,e82069dd-1178-4da1-b077-318efbda57ae,2026-01-30 17:53:28.445082
1ef4b50a-834a-48f0-946f-2767d8bb3e75,student,Cory,Ferguson,rwillis@example.com,7772231521,https://linkedin.com/in/cory-ferguson-985,20b21f8a-4263-4daa-8a70-27382a99955a,2026-01-30 17:53:28.445082
5b33326d-05f1-49b9-895b-ab94d27de033,student,Michelle,Carlson,,001-805-542-8072x78865,,7ad28c87-624b-44f8-9b06-9d2bfa38fb17,2026-01-30 17:53:28.445082
5fcb114a-347e-41ab-97f3-65ff035641b0,student,Kimberly,Green,jasonbush@example.com,,https://linkedin.com/in/kimberly-green-128,e82069dd-1178-4da1-b077-318efbda57ae,2026-01-30 17:53:28.445082
ca42b8e2-7476-4bdb-92cc-76243b7ae069,student,Anna,Warren,ghays@example.org,346.205.9430x6627,,7ad28c87-624b-44f8-9b06-9d2bfa38fb17,2026-01-30 17:53:28.445082
d4bc85c6-896e-45cc-a467-5cfd05ba9532,student,Greg,Perkins,jenniferserrano@example.net,694.672.6860,https://linkedin.com/in/greg-perkins-905,9d0e951a-e86e-40bd-9486-178b4acf0938,2026-01-30 17:53:28.445082
96851f74-273c-4736-a6ea-7ee404dc2561,student,Dennis,Barber,andersonthomas@example.net,,https://linkedin.com/in/dennis-barber-690,9d0e951a-e86e-40bd-9486-178b4acf0938,2026-01-30 17:53:28.445082
24e703c6-81fe-4574-bc5a-ebb95d1bfcbd,student,Ryan,Meyer,christophergill@example.org,,https://linkedin.com/in/ryan-meyer-925,20b21f8a-4263-4daa-8a70-27382a99955a,2026-01-30 17:53:28.445082
d4c02595-d83c-4328-80d2-54cfba279c2e,student,Mary,Cunningham,nandrews@example.org,,,,2026-01-30 17:53:28.445082
a1f08f06-bf3a-48bb-98b2-a04edc0b2c38,student,Katherine,Harris,leetrevor@example.com,001-998-776-3375x45181,,20b21f8a-4263-4daa-8a70-27382a99955a,2026-01-30 17:53:28.445082
487f6a0d-e59f-4193-ab11-b96113d79df9,student,Timothy,Wright,sancheztamara@example.org,,https://linkedin.com/in/timothy-wright-407,9d0e951a-e86e-40bd-9486-178b4acf0938,2026-01-30 17:53:28.445082
b9528d50-626c-46b8-921e-4530ecd9baab,student,Jason,Howell,jenniferbell@example.org,001-593-229-8403x66471,https://linkedin.com/in/jason-howell-402,,2026-01-30 17:53:28.445082
4ac3f769-7154-4920-9f34-f4ddd1f6e1b6,student,Morgan,Smith,christianjessica@example.net,6736782044,,,2026-01-30 17:53:28.445082
7de148a9-8a28-49d3-8c5f-b3e5a9ed52c0,student,James,Mccoy,revans@example.net,281-433-5194,,a1d3b662-d918-448e-9c20-6a1fb8ce55e9,2026-01-30 17:53:28.445082
1f3dfa62-10fc-4719-9141-0ccb9421b68e,student,James,Cruz,allisonshelton@example.net,967-206-0459,https://linkedin.com/in/james-cruz-540,e82069dd-1178-4da1-b077-318efbda57ae,2026-01-30 17:53:28.445082
d6c901f5-bed8-4496-b3d6-69794c081fe2,student,James,Castillo,james80@example.com,886-472-8879x256,https://linkedin.com/in/james-castillo-791,,2026-01-30 17:53:28.445082
82d47b20-86fc-4fa1-a70e-58a78ea3e15e,student,Beverly,Thomas,brookemiller@example.com,,,20b21f8a-4263-4daa-8a70-27382a99955a,2026-01-30 17:53:28.445082
6ec979e8-4016-4170-a5c1-2c64b3972544,student,Holly,French,gobrien@example.org,+1-937-920-1394x62277,https://linkedin.com/in/holly-french-748,a1d3b662-d918-448e-9c20-6a1fb8ce55e9,2026-01-30 17:53:28.445082
9ebd932e-c230-48cc-8072-bbf09ad944db,student,Douglas,Schwartz,mward@example.org,,,,2026-01-30 17:53:28.445082
3a615a38-3c3c-4df9-b79d-70b16105746e,student,Guy,Stewart,charleslittle@example.com,,https://linkedin.com/in/guy-stewart-147,a1d3b662-d918-448e-9c20-6a1fb8ce55e9,2026-01-30 17:53:28.445082
ed761d29-3ae3-4e29-8460-d55767314534,student,Melissa,Lewis,,720-762-5188x197,,20b21f8a-4263-4daa-8a70-27382a99955a,2026-01-30 17:53:28.445082
1976729b-93f8-4a58-8e52-8fd40355476a,student,Samantha,Chavez,anna66@example.net,(212)419-8617x93160,https://linkedin.com/in/samantha-chavez-813,e82069dd-1178-4da1-b077-318efbda57ae,2026-01-30 17:53:28.445082
da921597-3390-45b9-bc15-10e612f1d599,student,Virginia,Fuentes,michael24@example.org,483-963-3432x050,,e82069dd-1178-4da1-b077-318efbda57ae,2026-01-30 17:53:28.445082
75ca46ef-08c2-4e04-b864-162f0f2ed5e6,student,Luke,Waters,mjordan@example.com,,,7ad28c87-624b-44f8-9b06-9d2bfa38fb17,2026-01-30 17:53:28.445082
db78308c-7798-447a-a729-5b84b3eb9d5e,student,Lisa,Poole,phyllis08@example.org,,,e82069dd-1178-4da1-b077-318efbda57ae,2026-01-30 17:53:28.445082
4129a6ff-24a7-457f-b7cb-c045a89c4473,student,Oscar,Santos,shannonmcdonald@example.net,602-310-8609,,e82069dd-1178-4da1-b077-318efbda57ae,2026-01-30 17:53:28.445082
d6c7eb84-c248-4a7b-9820-7f813296f99f,student,Ryan,Phillips,cherylpierce@example.net,(572)919-4866x694,https://linkedin.com/in/ryan-phillips-672,e82069dd-1178-4da1-b077-318efbda57ae,2026-01-30 17:53:28.445082
eba050a0-997e-40a7-a108-a7bf0ee79d5f,student,Heather,Mosley,patricia94@example.org,,https://linkedin.com/in/heather-mosley-934,,2026-01-30 17:53:28.445082
69161740-9f9e-4089-b226-3fc6f690b143,student,Billy,Payne,johnsonkayla@example.org,746-244-6297x17122,,a1d3b662-d918-448e-9c20-6a1fb8ce55e9,2026-01-30 17:53:28.445082
4dff76b5-befd-4be8-80f7-031ef52106e9,student,Stephanie,Brown,josephbailey@example.net,,https://linkedin.com/in/stephanie-brown-365,e82069dd-1178-4da1-b077-318efbda57ae,2026-01-30 17:53:28.445082
10fbd2d1-0301-4d09-994b-0d3c615b7c27,student,Tracy,Perez,katherine37@example.net,311-222-8270x221,,20b21f8a-4263-4daa-8a70-27382a99955a,2026-01-30 17:53:28.445082
7feb2ab1-60f5-40aa-8f02-9b6b2ba9d874,student,Stacy,Oconnor,alexis47@example.net,729-849-4735x638,https://linkedin.com/in/stacy-oconnor-392,e82069dd-1178-4da1-b077-318efbda57ae,2026-01-30 17:53:28.445082
3099b40e-af16-423a-b5c8-3d8c100b4a5f,student,David,Kim,averyalyssa@example.org,001-497-595-1410x82471,https://linkedin.com/in/david-kim-241,20b21f8a-4263-4daa-8a70-27382a99955a,2026-01-30 17:53:28.445082
60d1b713-85ff-4dd1-b072-fb73c5d7bd1d,student,Erica,Woods,ssimpson@example.org,,,20b21f8a-4263-4daa-8a70-27382a99955a,2026-01-30 17:53:28.445082
8489cd43-fa7e-4b9d-bff4-8760f863d209,student,Brittany,Dixon,christinesolomon@example.net,+1-916-805-3628x69416,https://linkedin.com/in/brittany-dixon-163,7ad28c87-624b-44f8-9b06-9d2bfa38fb17,2026-01-30 17:53:28.445082
bc25ce1c-7ed9-4eb4-9d7e-4e81313a7249,student,Michelle,Thomas,jaclynjennings@example.net,776.218.0946x7189,,20b21f8a-4263-4daa-8a70-27382a99955a,2026-01-30 17:53:28.445082
3e3fa0dc-adee-444a-ad8c-0fd7d4a3d4c4,student,Christian,Williams,jeffrey97@example.net,,,a1d3b662-d918-448e-9c20-6a1fb8ce55e9,2026-01-30 17:53:28.445082
5f25ca1f-626d-4bf1-88b2-b683d12d22d0,student,Destiny,Mathews,ronald83@example.net,001-335-272-9932x577,,e82069dd-1178-4da1-b077-318efbda57ae,2026-01-30 17:53:28.445082
8155e4fe-b273-48a1-bf52-56ab91bbf1a4,student,Jennifer,Morgan,michael02@example.org,,,e82069dd-1178-4da1-b077-318efbda57ae,2026-01-30 17:53:28.445082
49120ff1-0ef0-482c-924a-18efb48b6c15,student,Donald,Gonzalez,ipotts@example.net,422-936-7695,https://linkedin.com/in/donald-gonzalez-498,20b21f8a-4263-4daa-8a70-27382a99955a,2026-01-30 17:53:28.445082
e38a088e-24b4-42ea-a03b-407113939889,student,James,Rose,judith62@example.com,,,9d0e951a-e86e-40bd-9486-178b4acf0938,2026-01-30 17:53:28.445082
3d8db0ca-a74b-433f-bfd1-73c97f4ff3f8,student,Jennifer,James,nancydunn@example.com,,https://linkedin.com/in/jennifer-james-503,e82069dd-1178-4da1-b077-318efbda57ae,2026-01-30 17:53:28.445082
bb4fc8e8-725d-4156-bc10-b55008e59083,student,Lauren,Franklin,sharonwood@example.com,9407964288,,,2026-01-30 17:53:28.445082
6b2554c1-5ea2-4bcc-a8cf-e62bdd1837ca,student,Erin,Hill,gmurphy@example.net,(241)363-1248x066,https://linkedin.com/in/erin-hill-435,20b21f8a-4263-4daa-8a70-27382a99955a,2026-01-30 17:53:28.445082
f2cefd64-036a-4007-a8cf-8c6ee93397ed,student,John,Copeland,mrodriguez@example.net,(675)771-7521,,20b21f8a-4263-4daa-8a70-27382a99955a,2026-01-30 17:53:28.445082
92005158-9089-4958-9028-7b6139901b4b,student,Debra,Mckinney,todd17@example.org,,https://linkedin.com/in/debra-mckinney-183,9d0e951a-e86e-40bd-9486-178b4acf0938,2026-01-30 17:53:28.445082
e19dea59-182a-419c-a27b-5104075a330d,student,Lauren,Jackson,jessica55@example.net,+1-349-377-0822x780,,e82069dd-1178-4da1-b077-318efbda57ae,2026-01-30 17:53:28.445082
03381d2e-3707-4a8f-9ba0-01ad001d9a3f,student,Joseph,Smith,allenalexandra@example.com,(366)822-1795x6697,,9d0e951a-e86e-40bd-9486-178b4acf0938,2026-01-30 17:53:28.445082
9ad52d80-6ec5-445b-8bfb-0567c3781b19,student,Anita,Barry,aroberts@example.com,,https://linkedin.com/in/anita-barry-120,7ad28c87-624b-44f8-9b06-9d2bfa38fb17,2026-01-30 17:53:28.445082
8d93e1ca-5183-48c2-b871-0f532d3d4ad2,student,Emily,Palmer,ambersteele@example.net,495.793.8980x2657,,,2026-01-30 17:53:28.445082
836b9757-74ca-4746-ae66-84711d329907,student,Tyler,Clarke,,(953)978-3810,https://linkedin.com/in/tyler-clarke-477,,2026-01-30 17:53:28.445082
9df2c0f8-fde6-4c3f-8475-e21374ae5210,student,Derek,Leblanc,qholland@example.com,,,20b21f8a-4263-4daa-8a70-27382a99955a,2026-01-30 17:53:28.445082
4aed3f9c-13d5-454b-9682-0fa4cf203b29,student,Eric,Lee,,581.892.0880x09042,https://linkedin.com/in/eric-lee-419,20b21f8a-4263-4daa-8a70-27382a99955a,2026-01-30 17:53:28.445082
93391d7d-b4e6-4943-9990-6cb144a1b601,student,Susan,Adams,tsolomon@example.net,,https://linkedin.com/in/susan-adams-832,,2026-01-30 17:53:28.445082
02371852-eea2-4458-a2ae-fb412e910cfd,student,Theodore,Silva,johnsonamy@example.net,,,20b21f8a-4263-4daa-8a70-27382a99955a,2026-01-30 17:53:28.445082
5357ad28-cc33-47ad-9349-b9c103b65f56,student,Deanna,Mullins,qjames@example.net,752-375-1884x7058,,7ad28c87-624b-44f8-9b06-9d2bfa38fb17,2026-01-30 17:53:28.445082
43308348-5239-4723-b788-aec45e0af5d2,student,Adam,Goodman,joshuareyes@example.net,001-733-757-0361x9927,https://linkedin.com/in/adam-goodman-645,7ad28c87-624b-44f8-9b06-9d2bfa38fb17,2026-01-30 17:53:28.445082
00a34e95-87a0-4471-a878-e900ff3c6ba6,student,Phillip,Aguirre,bwest@example.com,001-488-743-9404,,e82069dd-1178-4da1-b077-318efbda57ae,2026-01-30 17:53:28.445082
d1f479a3-8650-4b58-9109-f633983a362f,student,Ashley,Fox,gilmorejennifer@example.org,,https://linkedin.com/in/ashley-fox-470,7ad28c87-624b-44f8-9b06-9d2bfa38fb17,2026-01-30 17:53:28.445082
20c97eb5-ae33-4405-b076-70db90dd67ce,student,James,Brady,cynthiajackson@example.org,7646043727,https://linkedin.com/in/james-brady-280,a1d3b662-d918-448e-9c20-6a1fb8ce55e9,2026-01-30 17:53:28.445082
b1b3731e-8178-47fc-88ec-edee183e2013,student,Sharon,Schultz,nashtammy@example.net,,,a1d3b662-d918-448e-9c20-6a1fb8ce55e9,2026-01-30 17:53:28.445082
6dc42d8e-bd77-45a6-ae25-52257abb0ee7,student,Sarah,Stevens,ricky65@example.org,+1-737-434-0865x3422,,,2026-01-30 17:53:28.445082
7c2f6d3e-9804-488e-85f1-2813aab7dce3,student,Patricia,Higgins,shaffershannon@example.org,,,,2026-01-30 17:53:28.445082
79d7b10b-9c35-45e8-a42e-6c6238722387,student,Melissa,Warren,rebecca14@example.net,001-545-652-8473x332,,7ad28c87-624b-44f8-9b06-9d2bfa38fb17,2026-01-30 17:53:28.445082
a35b344f-95aa-416c-8a76-4dafe6a05ffb,student,Jamie,Davis,thomas36@example.com,(331)237-4157x96173,https://linkedin.com/in/jamie-davis-971,,2026-01-30 17:53:28.445082
e13c0cdd-0440-482d-ab8a-86148e4073a2,student,Jessica,Nelson,zgonzales@example.net,424-289-4697,,9d0e951a-e86e-40bd-9486-178b4acf0938,2026-01-30 17:53:28.445082
49d04dc7-1568-4647-9353-69706d11e4b6,student,Christopher,Arias,wmcconnell@example.org,(948)263-6335x62004,,9d0e951a-e86e-40bd-9486-178b4acf0938,2026-01-30 17:53:28.445082
20c757fa-bdba-4343-9fb7-a93f84881970,student,Samuel,Johnson,awalls@example.org,,https://linkedin.com/in/samuel-johnson-837,,2026-01-30 17:53:28.445082
c757ce42-d236-4152-856c-99b5aa029298,student,John,Smith,daniel49@example.com,,,e82069dd-1178-4da1-b077-318efbda57ae,2026-01-30 17:53:28.445082
d165ba16-320a-4a5d-b63c-cf81c919783f,student,John,Owens,richardsmith@example.com,454.412.5194x290,https://linkedin.com/in/john-owens-401,a1d3b662-d918-448e-9c20-6a1fb8ce55e9,2026-01-30 17:53:28.445082
e55acf82-b197-41d0-9c0c-f62f7ce692e7,student,Edward,Johnson,carlaharding@example.com,684-310-3990x38620,,20b21f8a-4263-4daa-8a70-27382a99955a,2026-01-30 17:53:28.445082
d407e917-7851-4b9d-b89a-c6255a96ca04,student,Anthony,Jackson,kaitlyn02@example.org,866-327-2741x93845,https://linkedin.com/in/anthony-jackson-863,9d0e951a-e86e-40bd-9486-178b4acf0938,2026-01-30 17:53:28.445082
3c532c5d-fc38-4a7f-9dfd-f0fbdbbfef60,student,Justin,Lewis,blakekeith@example.org,,https://linkedin.com/in/justin-lewis-357,,2026-01-30 17:53:28.445082
81e3b1bb-16f6-4f94-b2b8-4cabef0d3dc8,student,Douglas,Riley,andrea92@example.org,001-573-473-4675x7758,https://linkedin.com/in/douglas-riley-648,20b21f8a-4263-4daa-8a70-27382a99955a,2026-01-30 17:53:28.445082
756560f7-3780-4a21-8795-d560beb72cbc,student,Daniel,Shields,laura82@example.org,(857)512-5507x48817,https://linkedin.com/in/daniel-shields-841,a1d3b662-d918-448e-9c20-6a1fb8ce55e9,2026-01-30 17:53:28.445082
ffd4271f-9a23-45e2-be12-a7a455cff542,student,Richard,Jimenez,,884.443.6228x542,https://linkedin.com/in/richard-jimenez-202,,2026-01-30 17:53:28.445082
5812d7af-6740-4ef8-8b20-e5973e3b007e,student,Crystal,Estrada,melaniemendoza@example.net,929.725.4869x013,https://linkedin.com/in/crystal-estrada-825,20b21f8a-4263-4daa-8a70-27382a99955a,2026-01-30 17:53:28.445082
1b78f4e4-f4ac-4269-ae09-f02bbfbcd263,student,Tonya,Thompson,coreyjohnston@example.org,(659)651-8632x9154,https://linkedin.com/in/tonya-thompson-399,,2026-01-30 17:53:28.445082
3aab167f-5f51-475d-a2cb-8c00b503d4c7,student,Travis,Howard,,+1-306-798-0660,,a1d3b662-d918-448e-9c20-6a1fb8ce55e9,2026-01-30 17:53:28.445082
f464cf89-f116-4ffc-bccc-39d1acadb180,student,Angela,Allen,lcase@example.com,905-491-8803,https://linkedin.com/in/angela-allen-551,7ad28c87-624b-44f8-9b06-9d2bfa38fb17,2026-01-30 17:53:28.445082
36637320-ef01-434c-8184-f750c22b2373,student,Stephanie,Martin,cdiaz@example.com,737.756.4188,,9d0e951a-e86e-40bd-9486-178b4acf0938,2026-01-30 17:53:28.445082
2862876b-def5-44f0-97cf-5b67f9fa7fe1,student,Brittany,Richards,johnjohnston@example.net,+1-447-273-4432x249,https://linkedin.com/in/brittany-richards-690,e82069dd-1178-4da1-b077-318efbda57ae,2026-01-30 17:53:28.445082
6b55011c-8e62-43e3-b71f-00ab3f631ba6,student,Kenneth,Yoder,ashley22@example.com,244-521-2038,,a1d3b662-d918-448e-9c20-6a1fb8ce55e9,2026-01-30 17:53:28.445082
2b0f66c3-ed3f-4a4e-ae62-d6bd10de629e,student,Jacqueline,Avila,fullerlauren@example.com,311.799.3324x589,,9d0e951a-e86e-40bd-9486-178b4acf0938,2026-01-30 17:53:28.445082
09f01b73-a867-4ffe-a17d-e26a373c932b,student,Dennis,Mcgrath,stephaniebray@example.com,,https://linkedin.com/in/dennis-mcgrath-635,e82069dd-1178-4da1-b077-318efbda57ae,2026-01-30 17:53:28.445082
48a2f847-65d5-4da2-b544-9d5c9be87af3,student,Paul,Lynn,hurleybryan@example.org,001-257-822-9154x66717,,e82069dd-1178-4da1-b077-318efbda57ae,2026-01-30 17:53:28.445082
d10c4251-529e-4960-95f3-88c1cc855dae,student,Jeremy,Arnold,antonio18@example.net,(333)998-4856x93892,,e82069dd-1178-4da1-b077-318efbda57ae,2026-01-30 17:53:28.445082
1ef0ac13-8af1-4677-bc30-6d0ca191a9ef,student,Amanda,Harris,helen79@example.net,,,a1d3b662-d918-448e-9c20-6a1fb8ce55e9,2026-01-30 17:53:28.445082
014ecaac-9c37-4a09-9142-607d34ee0efc,student,Jeffrey,Santiago,traceyingram@example.com,384.594.0869x627,https://linkedin.com/in/jeffrey-santiago-176,9d0e951a-e86e-40bd-9486-178b4acf0938,2026-01-30 17:53:28.445082
eae2148a-b75f-4c41-b0a9-0aa15dfa91ab,student,Jason,Blair,carrollkeith@example.com,(908)223-3917,,20b21f8a-4263-4daa-8a70-27382a99955a,2026-01-30 17:53:28.445082
42fda6ea-c441-426e-9ce8-8588eb3b3a21,student,Michael,Bray,dwise@example.org,(430)581-6207x8927,https://linkedin.com/in/michael-bray-980,9d0e951a-e86e-40bd-9486-178b4acf0938,2026-01-30 17:53:28.445082
423110f4-b76f-4fa1-b562-27a436e6c027,student,Caitlin,Wang,johnsonmary@example.net,001-299-337-7763x84313,https://linkedin.com/in/caitlin-wang-910,e82069dd-1178-4da1-b077-318efbda57ae,2026-01-30 17:53:28.445082
6e4ae084-53a5-4a5f-a9dd-a752b1788ed9,student,Aaron,Baldwin,christopher59@example.com,,https://linkedin.com/in/aaron-baldwin-217,a1d3b662-d918-448e-9c20-6a1fb8ce55e9,2026-01-30 17:53:28.445082
d54e3425-d7be-4102-bbf7-3b4de3c8f2cd,student,Kenneth,Spencer,courtneyhunt@example.com,834-587-1658,https://linkedin.com/in/kenneth-spencer-245,,2026-01-30 17:53:28.445082
08ae6383-22e3-4cb5-9db9-8456836f8102,student,Whitney,Rogers,torreseric@example.com,,,7ad28c87-624b-44f8-9b06-9d2bfa38fb17,2026-01-30 17:53:28.445082
8a37a233-ef56-4b02-ae34-2bd6362f38ed,student,Candace,Fischer,,+1-327-402-6906x5962,https://linkedin.com/in/candace-fischer-411,,2026-01-30 17:53:28.445082
d0f01d46-2f15-4266-980d-5b6318ee2943,other,Allison,Fisher,foxchristine@example.org,(961)406-4940x7812,https://linkedin.com/in/allison-fisher-140,9d0e951a-e86e-40bd-9486-178b4acf0938,2026-01-30 17:53:28.445082
f3959a7d-8791-4365-8816-5b8f5e8c6b94,other,Paul,Cross,rickconrad@example.org,809-391-9215x67230,https://linkedin.com/in/paul-cross-790,a1d3b662-d918-448e-9c20-6a1fb8ce55e9,2026-01-30 17:53:28.445082
47a1c989-0e39-4327-928e-e9195fb18138,academic,Lauren,Johnson,julia50@example.org,841-852-7480,,a1d3b662-d918-448e-9c20-6a1fb8ce55e9,2026-01-30 17:53:28.445082
036c9994-2aba-4172-83bf-510d92dc3b6f,academic,Teresa,Irwin,gabriel30@example.org,228-301-1121x757,https://linkedin.com/in/teresa-irwin-699,e82069dd-1178-4da1-b077-318efbda57ae,2026-01-30 17:53:28.445082
d7388c6a-adb5-441e-adba-5e2b02e9b047,other,David,Brown,stephenwest@example.net,,https://linkedin.com/in/david-brown-518,a1d3b662-d918-448e-9c20-6a1fb8ce55e9,2026-01-30 17:53:28.445082
76da8ad1-42eb-4d96-a8c4-0dd148d41a0a,other,Kelly,Weber,tasha43@example.com,,https://linkedin.com/in/kelly-weber-810,9d0e951a-e86e-40bd-9486-178b4acf0938,2026-01-30 17:53:28.445082
3e128bc1-db7d-43e9-be3e-31387c1fbf99,other,Bethany,Crane,wcarney@example.com,(255)554-3288x720,,9d0e951a-e86e-40bd-9486-178b4acf0938,2026-01-30 17:53:28.445082
d34925f8-4b9d-4a66-a796-420ec6cd16fd,academic,Thomas,Smith,kanderson@example.net,+1-693-545-3960x5115,https://linkedin.com/in/thomas-smith-891,e82069dd-1178-4da1-b077-318efbda57ae,2026-01-30 17:53:28.445082
9ff27dae-b97e-4547-bc39-faae532afa60,other,Tiffany,Pearson,dmendez@example.org,445.248.2366,,,2026-01-30 17:53:28.445082
7037fd4b-f7b3-49a4-92b4-5adf5b1e8465,other,Marilyn,Browning,angela74@example.net,001-937-731-4444x720,,e82069dd-1178-4da1-b077-318efbda57ae,2026-01-30 17:53:28.445082
87ee7952-dd05-40ca-ba59-4f0e7c55901b,other,Brian,Smith,kathryncortez@example.org,328-412-6235,https://linkedin.com/in/brian-smith-234,a1d3b662-d918-448e-9c20-6a1fb8ce55e9,2026-01-30 17:53:28.445082
dc0d3092-255a-482c-9e27-1aa8b36a854a,other,Melissa,Alvarez,amyhardy@example.org,478-706-0428x92085,https://linkedin.com/in/melissa-alvarez-745,e82069dd-1178-4da1-b077-318efbda57ae,2026-01-30 17:53:28.445082
0ffb1169-3bb4-449a-b48a-ffc601de6dea,academic,Jon,Griffith,orozcocharles@example.com,896.904.1891x5796,,a1d3b662-d918-448e-9c20-6a1fb8ce55e9,2026-01-30 17:53:28.445082
23193815-b6a8-48d7-bde6-d6ca79887312,academic,Robert,Martin,,,https://linkedin.com/in/robert-martin-220,20b21f8a-4263-4daa-8a70-27382a99955a,2026-01-30 17:53:28.445082
a1fb4e9a-30b7-4c7b-959f-94a915fc3fda,academic,David,Perez,,768.760.3408x58639,,e82069dd-1178-4da1-b077-318efbda57ae,2026-01-30 17:53:28.445082
2abcfefb-b324-4632-93a5-f0ab2ddb3a6a,other,Shawn,Morgan,,(558)716-4270x90811,,e82069dd-1178-4da1-b077-318efbda57ae,2026-01-30 17:53:28.445082
791cd594-aba2-4ac4-b454-2af562284e15,other,Kenneth,Owen,,001-363-762-5700x8146,,20b21f8a-4263-4daa-8a70-27382a99955a,2026-01-30 17:53:28.445082
71ddcc28-c32a-4e93-bfb6-f8dbded2617c,academic,Donald,Harris,john84@example.net,,https://linkedin.com/in/donald-harris-906,9d0e951a-e86e-40bd-9486-178b4acf0938,2026-01-30 17:53:28.445082
dc9d7c25-e7a4-4f1d-8d1d-8169b0d0873a,other,Joseph,Walker,joseph55@example.net,527-422-5518x5355,,7ad28c87-624b-44f8-9b06-9d2bfa38fb17,2026-01-30 17:53:28.445082
2d58cc9c-6ca8-41ae-b13c-d4276e9e1969,other,Tammy,Mccarty,frobertson@example.com,(294)797-9725x2477,https://linkedin.com/in/tammy-mccarty-881,20b21f8a-4263-4daa-8a70-27382a99955a,2026-01-30 17:53:28.445082
5ee08a6b-fee9-474c-8189-7067e5f0ebc5,other,Nicholas,Mccoy,,,,e82069dd-1178-4da1-b077-318efbda57ae,2026-01-30 17:53:28.445082
c74fc94d-f4b1-41bf-9117-d45880304bc2,academic,Joel,Roth,james06@example.net,,https://linkedin.com/in/joel-roth-425,,2026-01-30 17:53:28.445082
ffa461a3-8414-4edd-a2a9-4af344521e84,other,Lisa,Davis,rjones@example.net,(804)505-4870x99675,,a1d3b662-d918-448e-9c20-6a1fb8ce55e9,2026-01-30 17:53:28.445082
dea17abc-5b5d-4ab5-ac25-097f92dd0b9b,academic,Zachary,Boyle,,(528)566-8352,,e82069dd-1178-4da1-b077-318efbda57ae,2026-01-30 17:53:28.445082
