experience_id,contact_id,opportunity_id,status,status_at,notes
43aedb08-e9d8-4f48-a6ed-952887ae04b4,01d1dc17-0ae1-4aa1-82ff-d211274ad369,d0e87ca0-9dad-4427-a74f-5db2a550fb1a,completed,2023-10-19 17:53:50.075064,Seeded outcome.
7b55c7f7-fd4f-4b10-9531-aeea06254edd,163555e9-2cdf-4d97-983e-fc35350d7617,7425818d-e520-4ca7-a457-1cb54aa14d45,interview_rejected,2024-12-01 17:53:50.120835,Seeded outcome.
5db5665b-08b6-4658-a922-9464326e5ce7,49d04dc7-1568-4647-9353-69706d11e4b6,7425818d-e520-4ca7-a457-1cb54aa14d45,intern,2025-11-07 17:53:50.159485,Seeded outcome.
6d06c39b-73eb-4180-aab5-f0e39df47270,8016c9ff-2346-424a-931b-4cb2d2f52904,d0e87ca0-9dad-4427-a74f-5db2a550fb1a,completed,2025-08-12 17:53:50.197523,Seeded outcome.
2f8b9d15-811f-4f15-8c1e-8587322fc8e2,4129a6ff-24a7-457f-b7cb-c045a89c4473,35209231-cb85-48f4-bd5d-7a07205e7d89,completed,2024-09-12 17:53:50.235512,Seeded outcome.
451f0e86-d1dc-4ecc-b4bb-d67f6aa3af7b,5ee08a6b-fee9-474c-8189-7067e5f0ebc5,7f52cbac-0712-442c-90cc-a2de90ee1235,completed,2024-10-02 17:53:50.273735,Seeded outcome.
4dd2da3c-4b46-48a1-b976-1e26cb5d25d6,eba050a0-997e-40a7-a108-a7bf0ee79d5f,71595315-d434-4a61-b132-de61cce0166f,intern,2024-05-09 17:53:50.311488,Seeded outcome.
9048a241-1fab-486a-9784-73c762567760,a35b344f-95aa-416c-8a76-4dafe6a05ffb,beef5311-0fad-41df-8f0d-a45881addb60,completed,2025-08-26 17:53:50.349464,Seeded outcome.
273dfb56-5cab-452c-8a87-ba325fef291e,d7388c6a-adb5-441e-adba-5e2b02e9b047,beef5311-0fad-41df-8f0d-a45881addb60,completed,2025-03-06 17:53:50.387576,Seeded outcome.
577ffd75-6f8b-4206-b160-7ef461220838,4dff76b5-befd-4be8-80f7-031ef52106e9,7425818d-e520-4ca7-a457-1cb54aa14d45,interview_rejected,2025-02-28 17:53:50.426499,Seeded outcome.
e26a1704-4482-41e6-aebc-63abd0fbc789,09f01b73-a867-4ffe-a17d-e26a373c932b,1f69f1a8-be74-445b-90d7-70b256d1e7c0,completed,2023-12-31 17:53:50.465531,Seeded outcome.
04a83070-83bf-47b6-8dc3-c36aad0ef89a,7feb2ab1-60f5-40aa-8f02-9b6b2ba9d874,35209231-cb85-48f4-bd5d-7a07205e7d89,dropped,2025-02-01 17:53:50.504091,Seeded outcome.
5afec01e-0378-4f23-bab3-8b84773e6dc4,5f25ca1f-626d-4bf1-88b2-b683d12d22d0,84a69683-2aef-444e-a1c4-605b8d4299ed,dropped,2025-09-09 17:53:50.550455,Seeded outcome.
7b17b68e-04e3-4638-9837-41f32a6c7cdb,dad7789e-70d8-47fc-91c6-74ef95588a4b,7425818d-e520-4ca7-a457-1cb54aa14d45,interview_rejected,2024-08-11 17:53:50.603615,Seeded outcome.
55d127fc-c9fb-4b90-a7a5-ef9cb63bce11,54067d05-8d84-4fcd-b193-3c33ab966244,84a69683-2aef-444e-a1c4-605b8d4299ed,completed,2025-02-28 17:53:50.643319,Seeded outcome.
8af7da6d-abc0-4b18-a149-e629d9bb5981,2693c895-600b-4445-b133-92f037da6dee,d0e87ca0-9dad-4427-a74f-5db2a550fb1a,intern,2025-09-17 17:53:50.682279,Seeded outcome.
de3d8416-9113-44a5-8ccd-4523138647ee,16e508c0-5319-4d3f-8b6e-2bc5a16542ee,6f5171b1-bcde-4db0-a6d1-ece2007fa8d6,intern,2025-05-12 17:53:50.720711,Seeded outcome.
262d3f88-0708-4f17-8ca7-5bc5c624a535,55cf1226-aeb9-4d4f-8e35-3b89991b57f2,d0e87ca0-9dad-4427-a74f-5db2a550fb1a,intern,2025-11-30 17:53:50.761393,Seeded outcome.
8a028f36-2602-4fc6-be79-81b17c29b113,3099b40e-af16-423a-b5c8-3d8c100b4a5f,84a69683-2aef-444e-a1c4-605b8d4299ed,intern,2024-12-23 17:53:50.800814,Seeded outcome.
6e6b2c4e-48b3-4544-bb6c-0a83e8503d12,2862876b-def5-44f0-97cf-5b67f9fa7fe1,71595315-d434-4a61-b132-de61cce0166f,interview_rejected,2024-11-18 17:53:50.840083,Seeded outcome.
6c2dda1b-bbb1-4954-ab41-1854f0ddc79e,ce900e88-2801-43c6-be9c-a6aa2ab6cf1e,71595315-d434-4a61-b132-de61cce0166f,intern,2023-08-18 17:53:50.879144,Seeded outcome.
9778161b-59a1-4996-89d6-1527775777dd,93391d7d-b4e6-4943-9990-6cb144a1b601,71595315-d434-4a61-b132-de61cce0166f,dropped,2023-10-10 17:53:50.918788,Seeded outcome.
d20f8f2f-2857-4b20-877a-4b3775f8c8fc,f58da731-cd71-4c58-b4ab-f90ae36e4f8d,d0e87ca0-9dad-4427-a74f-5db2a550fb1a,intern,2024-06-08 17:53:50.958638,Seeded outcome.
8384707a-66a4-4d30-9f0a-0643e82fa098,455e097e-361b-45de-a24a-46663b25d18c,d0e87ca0-9dad-4427-a74f-5db2a550fb1a,completed,2025-07-10 17:53:50.998341,Seeded outcome.
0cc5f303-e5d7-461f-a358-c8de0065ed17,403433af-8fc1-403a-9934-4a04a33408de,71595315-d434-4a61-b132-de61cce0166f,interview_rejected,2024-08-28 17:53:51.040480,Seeded outcome.
0d6d6808-ddca-4370-bae4-8fe127fc7a42,014ecaac-9c37-4a09-9142-607d34ee0efc,7425818d-e520-4ca7-a457-1cb54aa14d45,dropped,2024-09-29 17:53:51.079614,Seeded outcome.
1edb5652-ccdd-46c8-957a-e03c1b7cb60c,4cfaffba-8db7-40fb-ae6d-99b1602b738e,d0e87ca0-9dad-4427-a74f-5db2a550fb1a,completed,2025-03-11 17:53:51.119489,Seeded outcome.
647f9572-d6a5-4e26-84c0-ace606346059,487f6a0d-e59f-4193-ab11-b96113d79df9,7f52cbac-0712-442c-90cc-a2de90ee1235,completed,2024-08-29 17:53:51.163325,Seeded outcome.
1d1e6614-ef80-4ce3-a9bd-72df80e914cf,b0bf5d02-40c2-4d38-861d-7c0248657564,beef5311-0fad-41df-8f0d-a45881addb60,completed,2025-12-28 17:53:51.203071,Seeded outcome.
055b9192-961e-42c4-97f4-5634a3169759,25f9e8f7-e5c8-4d4f-ba34-58009c8421a3,7f52cbac-0712-442c-90cc-a2de90ee1235,completed,2025-10-20 17:53:51.242993,Seeded outcome.
d9c0f9cc-72c8-44dc-b11d-cdeb2ecf4ca6,2b0f66c3-ed3f-4a4e-ae62-d6bd10de629e,6f5171b1-bcde-4db0-a6d1-ece2007fa8d6,dropped,2024-08-21 17:53:51.283711,Seeded outcome.
c724549a-1c39-4ff4-9c42-9590e37c32e9,192b263b-d5a9-49ba-bb4f-d762e4185f9f,6f5171b1-bcde-4db0-a6d1-ece2007fa8d6,completed,2025-05-19 17:53:51.322437,Seeded outcome.
fc3ad15e-e1c9-4ded-9852-113edd67fdb4,ffa461a3-8414-4edd-a2a9-4af344521e84,35209231-cb85-48f4-bd5d-7a07205e7d89,intern,2025-01-24 17:53:51.363989,Seeded outcome.
90b84229-2062-490a-b9fb-39e6b0c24840,6b55011c-8e62-43e3-b71f-00ab3f631ba6,7425818d-e520-4ca7-a457-1cb54aa14d45,intern,2025-04-07 17:53:51.404715,Seeded outcome.
041918eb-ffa5-4cca-8a27-5bc93ce3ea4a,5f25ca1f-626d-4bf1-88b2-b683d12d22d0,35209231-cb85-48f4-bd5d-7a07205e7d89,completed,2023-09-10 17:53:51.446521,Seeded outcome.
4ea9923e-d625-4759-bf3a-205b27b23e54,192b263b-d5a9-49ba-bb4f-d762e4185f9f,1f69f1a8-be74-445b-90d7-70b256d1e7c0,completed,2024-03-22 17:53:51.487918,Seeded outcome.
1945f3d4-64a0-4ba8-a1ac-3be603f0f77a,8155e4fe-b273-48a1-bf52-56ab91bbf1a4,7425818d-e520-4ca7-a457-1cb54aa14d45,completed,2025-04-03 17:53:51.528872,Seeded outcome.
88a2c1eb-689d-4015-a2b8-2f81f8969079,d1f479a3-8650-4b58-9109-f633983a362f,6f5171b1-bcde-4db0-a6d1-ece2007fa8d6,completed,2023-09-06 17:53:51.570948,Seeded outcome.
358c47c2-8b8e-479d-9f90-ca4cab8af0c0,bd3c900d-5e90-4b16-90c9-77d35e523ba9,35209231-cb85-48f4-bd5d-7a07205e7d89,intern,2025-09-05 17:53:51.612243,Seeded outcome.
5ece4125-a73b-444d-89d6-7d7f6945d037,96851f74-273c-4736-a6ea-7ee404dc2561,84a69683-2aef-444e-a1c4-605b8d4299ed,interview_rejected,2024-01-07 17:53:51.653595,Seeded outcome.
9989f0ae-64e0-456f-856c-2f0faee5ee7f,a35b344f-95aa-416c-8a76-4dafe6a05ffb,d0e87ca0-9dad-4427-a74f-5db2a550fb1a,completed,2024-12-04 17:53:51.693563,Seeded outcome.
0e6831f2-7d65-4e17-9f35-e9f849ccc71e,765d8fcc-e235-473c-9214-d1a55b7971b7,6f5171b1-bcde-4db0-a6d1-ece2007fa8d6,completed,2024-12-06 17:53:51.734110,Seeded outcome.
1db35ef8-df3c-4a5e-8f6f-da7034b9d944,76da8ad1-42eb-4d96-a8c4-0dd148d41a0a,35209231-cb85-48f4-bd5d-7a07205e7d89,intern,2024-06-24 17:53:51.776590,Seeded outcome.
be075733-d721-4cbf-bbc9-78ce68a59037,1976729b-93f8-4a58-8e52-8fd40355476a,1f69f1a8-be74-445b-90d7-70b256d1e7c0,completed,2025-07-05 17:53:51.821000,Seeded outcome.
26eb8fd7-8797-438f-9bd6-bcd0aa7c8bf0,403433af-8fc1-403a-9934-4a04a33408de,7425818d-e520-4ca7-a457-1cb54aa14d45,completed,2025-03-31 17:53:51.864590,Seeded outcome.
6d5f33d1-3320-4a03-8487-72b319712106,09f01b73-a867-4ffe-a17d-e26a373c932b,84a69683-2aef-444e-a1c4-605b8d4299ed,intern,2024-08-22 17:53:51.905318,Seeded outcome.
f7386bef-4442-4aed-b226-cc45a6a2c90f,aa700485-6696-4d2b-9dcd-07ececbbfb0a,6f5171b1-bcde-4db0-a6d1-ece2007fa8d6,completed,2024-07-06 17:53:51.946800,Seeded outcome.
028eb9ed-6bc6-4529-bdf5-86d9467d4ee0,20c97eb5-ae33-4405-b076-70db90dd67ce,7f52cbac-0712-442c-90cc-a2de90ee1235,completed,2025-04-09 17:53:51.988133,Seeded outcome.
02532223-75e1-48e8-b0cd-8a33d8b57305,53b5f98f-9ba4-488d-aa4d-a52716f9d122,d0e87ca0-9dad-4427-a74f-5db2a550fb1a,interview_rejected,2024-04-22 17:53:52.030538,Seeded outcome.
6acdbd5f-6f20-4a6f-a97a-0e19648cdb1c,403433af-8fc1-403a-9934-4a04a33408de,7f52cbac-0712-442c-90cc-a2de90ee1235,completed,2024-02-24 17:53:52.074266,Seeded outcome.
65299bef-79dd-48e7-823b-18ad6e621d22,423110f4-b76f-4fa1-b562-27a436e6c027,35209231-cb85-48f4-bd5d-7a07205e7d89,completed,2025-09-11 17:53:52.118676,Seeded outcome.
69d8cf6b-d430-45b6-aaee-725b000f4a11,8155e4fe-b273-48a1-bf52-56ab91bbf1a4,1f69f1a8-be74-445b-90d7-70b256d1e7c0,completed,2025-10-13 17:53:52.165126,Seeded outcome.
6226a3bf-f147-40a8-9adc-0e39a0ef7778,403433af-8fc1-403a-9934-4a04a33408de,beef5311-0fad-41df-8f0d-a45881addb60,completed,2024-12-13 17:53:52.211703,Seeded outcome.
c7c6d32d-142c-49db-be82-1ebcc2718e6b,8756c8e6-4ba4-4aa8-b2fc-138dc3a55bba,6f5171b1-bcde-4db0-a6d1-ece2007fa8d6,completed,2025-02-07 17:53:52.254141,Seeded outcome.
d0b73159-3788-42bb-aad2-1c587be955c4,d54e3425-d7be-4102-bbf7-3b4de3c8f2cd,d0e87ca0-9dad-4427-a74f-5db2a550fb1a,completed,2025-01-11 17:53:52.300011,Seeded outcome.
ec10aabd-9365-4468-b35f-b4abb1e74c4d,e55acf82-b197-41d0-9c0c-f62f7ce692e7,7425818d-e520-4ca7-a457-1cb54aa14d45,interview_rejected,2025-07-01 17:53:52.346335,Seeded outcome.
859f2755-917c-4a8b-8407-d7898dc5df5f,701b9876-ee34-4e06-aa50-78b7e883abc4,beef5311-0fad-41df-8f0d-a45881addb60,completed,2024-05-14 17:53:52.387577,Seeded outcome.
c8233089-f661-4c53-ace2-13b0c1cd4cad,6e4ae084-53a5-4a5f-a9dd-a752b1788ed9,1f69f1a8-be74-445b-90d7-70b256d1e7c0,completed,2024-08-17 17:53:52.431175,Seeded outcome.
d0df8a77-d3e3-4acb-baaf-815c289faad6,163555e9-2cdf-4d97-983e-fc35350d7617,7f52cbac-0712-442c-90cc-a2de90ee1235,completed,2024-12-05 17:53:52.475300,Seeded outcome.
4b33f92c-7d35-41a8-bde8-4d055a1a5429,9a94c6dd-56ca-4bcf-8cce-6f7338ebeba7,71595315-d434-4a61-b132-de61cce0166f,completed,2025-12-05 17:53:52.521325,Seeded outcome.
4867123c-89e6-4072-953e-b45618807944,ae1afa01-86bc-43a0-9b12-2e964e9531d0,d0e87ca0-9dad-4427-a74f-5db2a550fb1a,intern,2024-01-21 17:53:52.565211,Seeded outcome.
ec08f3e4-46a6-444a-82f4-d0d6788b5167,036c9994-2aba-4172-83bf-510d92dc3b6f,1f69f1a8-be74-445b-90d7-70b256d1e7c0,completed,2025-02-13 17:53:52.610756,Seeded outcome.
55667543-6902-438e-91e4-e6c0a22436c8,bd3c900d-5e90-4b16-90c9-77d35e523ba9,6f5171b1-bcde-4db0-a6d1-ece2007fa8d6,interview_rejected,2024-08-07 17:53:52.656497,Seeded outcome.
825838e8-518f-4214-a681-87cea9b9fab8,25ffe397-b916-46b7-94ea-a371dc61e0a0,35209231-cb85-48f4-bd5d-7a07205e7d89,completed,2024-05-10 17:53:52.700646,Seeded outcome.
01e99b28-e415-4379-a8ad-9e065394a88d,48a2f847-65d5-4da2-b544-9d5c9be87af3,71595315-d434-4a61-b132-de61cce0166f,interview_rejected,2025-08-30 17:53:52.747780,Seeded outcome.
12e29208-c60e-4603-98b5-a3b65acbc0c9,2abcfefb-b324-4632-93a5-f0ab2ddb3a6a,84a69683-2aef-444e-a1c4-605b8d4299ed,intern,2024-05-03 17:53:52.790229,Seeded outcome.
1d840814-b6b5-4f4f-9ccd-6edf27805c93,42fda6ea-c441-426e-9ce8-8588eb3b3a21,7425818d-e520-4ca7-a457-1cb54aa14d45,intern,2024-12-14 17:53:52.846207,Seeded outcome.
e3d8b472-141c-416f-acd0-8bcf9a254e0c,7995fdb6-0770-40e7-a0d2-f7c813cceef2,84a69683-2aef-444e-a1c4-605b8d4299ed,dropped,2023-12-25 17:53:52.891546,Seeded outcome.
4f795cb5-e8c9-490b-8cc9-36b3f0e82627,f58da731-cd71-4c58-b4ab-f90ae36e4f8d,1f69f1a8-be74-445b-90d7-70b256d1e7c0,completed,2023-09-11 17:53:52.942336,Seeded outcome.
d306be3e-dddd-43e6-9fa0-048e74297d2c,f2cefd64-036a-4007-a8cf-8c6ee93397ed,d0e87ca0-9dad-4427-a74f-5db2a550fb1a,intern,2025-02-10 17:53:52.987059,Seeded outcome.
b678dfbe-6d4d-490d-9452-922ac16b9da2,00a34e95-87a0-4471-a878-e900ff3c6ba6,35209231-cb85-48f4-bd5d-7a07205e7d89,completed,2024-08-17 17:53:53.032856,Seeded outcome.
49da9b8b-165a-4126-ba04-3664357c2057,6c563627-e058-4f47-879f-fc29b06e0e98,84a69683-2aef-444e-a1c4-605b8d4299ed,completed,2024-01-26 17:53:53.079571,Seeded outcome.
8d7a8378-8507-441b-86fe-ec5a55b5392b,6c5c8bef-cd71-4f96-9b1d-3cd2aa5d1ec3,7f52cbac-0712-442c-90cc-a2de90ee1235,completed,2024-06-23 17:53:53.125099,Seeded outcome.
a6ce673f-95b7-444b-9b0c-0bced89b327f,6e4ae084-53a5-4a5f-a9dd-a752b1788ed9,7425818d-e520-4ca7-a457-1cb54aa14d45,intern,2023-10-08 17:53:53.173057,Seeded outcome.
e8115a71-477c-4b20-b70a-56d4b5a23c5f,7995fdb6-0770-40e7-a0d2-f7c813cceef2,1f69f1a8-be74-445b-90d7-70b256d1e7c0,completed,2026-01-03 17:53:53.220154,Seeded outcome.
5cb22eb9-993b-4e96-80bb-0521de497a18,4aed3f9c-13d5-454b-9682-0fa4cf203b29,35209231-cb85-48f4-bd5d-7a07205e7d89,completed,2024-03-02 17:53:53.267259,Seeded outcome.
cee4103d-1db8-4b99-be0b-41d9595b6b15,7037fd4b-f7b3-49a4-92b4-5adf5b1e8465,71595315-d434-4a61-b132-de61cce0166f,intern,2024-11-20 17:53:53.312826,Seeded outcome.
5118e3cf-ca51-4496-8701-ef9d831b90cf,7feb2ab1-60f5-40aa-8f02-9b6b2ba9d874,6f5171b1-bcde-4db0-a6d1-ece2007fa8d6,completed,2023-10-28 17:53:53.360121,Seeded outcome.
25af8aeb-10d6-47c9-a02b-62612f9469b0,e6d5a353-1ae9-4075-8a39-acdd20a03d4c,1f69f1a8-be74-445b-90d7-70b256d1e7c0,completed,2024-01-09 17:53:53.406537,Seeded outcome.
15ec1dd0-750d-4d6c-bc91-4e4a6b7247cf,c84f96f2-7e76-4a3f-8d8e-8da423ed0561,71595315-d434-4a61-b132-de61cce0166f,interview_rejected,2024-04-16 17:53:53.451738,Seeded outcome.
625b59c2-32c5-4f32-9077-23f701124426,2abcfefb-b324-4632-93a5-f0ab2ddb3a6a,7425818d-e520-4ca7-a457-1cb54aa14d45,intern,2024-09-22 17:53:53.497810,Seeded outcome.
aba287b3-a623-4cb1-9ca5-80c3e3a716f7,71ddcc28-c32a-4e93-bfb6-f8dbded2617c,6f5171b1-bcde-4db0-a6d1-ece2007fa8d6,intern,2024-03-20 17:53:53.542209,Seeded outcome.
15f02b97-8732-42a6-bcd3-5d228deb0501,2b0f66c3-ed3f-4a4e-ae62-d6bd10de629e,d0e87ca0-9dad-4427-a74f-5db2a550fb1a,interview_rejected,2023-11-18 17:53:53.588716,Seeded outcome.
3955f9c1-a10d-46ed-84bc-fab890856b7f,a35b344f-95aa-416c-8a76-4dafe6a05ffb,6f5171b1-bcde-4db0-a6d1-ece2007fa8d6,completed,2025-06-01 17:53:53.637379,Seeded outcome.
9b25729a-ba87-4f4e-9356-e239a302e040,6e863882-d3a1-4ff6-b582-cc270d61ff4c,71595315-d434-4a61-b132-de61cce0166f,completed,2024-06-02 17:53:53.686167,Seeded outcome.
c1928438-d785-4d46-9830-c10eb6682845,23193815-b6a8-48d7-bde6-d6ca79887312,84a69683-2aef-444e-a1c4-605b8d4299ed,completed,2024-08-02 17:53:53.735296,Seeded outcome.
41657380-c7cc-421c-a557-9a2ff890549f,81e3b1bb-16f6-4f94-b2b8-4cabef0d3dc8,84a69683-2aef-444e-a1c4-605b8d4299ed,completed,2024-04-26 17:53:53.783343,Seeded outcome.
423b1f97-30e0-4eee-a44b-9b57f856b30c,abf62a76-cd68-49e2-bd2b-511a7bff7238,71595315-d434-4a61-b132-de61cce0166f,interview_rejected,2024-12-27 17:53:53.832185,Seeded outcome.
0cc6a0cd-71c9-4660-9099-8bd14630c858,eba050a0-997e-40a7-a108-a7bf0ee79d5f,d0e87ca0-9dad-4427-a74f-5db2a550fb1a,intern,2024-02-23 17:53:53.881077,Seeded outcome.
6079587b-9b55-43d0-85d3-d7b3f170e9d9,8b9a1ae8-60af-4be4-921b-23a36391fa1c,35209231-cb85-48f4-bd5d-7a07205e7d89,intern,2024-06-13 17:53:53.928025,Seeded outcome.
cb75f2ff-bd20-43e2-a695-5a5f6bae30e5,d4c02595-d83c-4328-80d2-54cfba279c2e,1f69f1a8-be74-445b-90d7-70b256d1e7c0,completed,2024-02-03 17:53:53.978250,Seeded outcome.
0e4d9c8c-813d-45cf-868d-95dc7e375cf6,2707b3af-5257-4c77-b6f3-3a0f0d196456,d0e87ca0-9dad-4427-a74f-5db2a550fb1a,intern,2026-01-01 17:53:54.033542,Seeded outcome.
d9c7faa7-177b-435d-867b-e23ed05a17c9,47a1c989-0e39-4327-928e-e9195fb18138,d0e87ca0-9dad-4427-a74f-5db2a550fb1a,completed,2024-11-18 17:53:54.084491,Seeded outcome.
0eb0431d-13e1-4b66-8a62-2f387f65275d,200ea41e-13df-47d4-b9f9-9ff966c5da04,6f5171b1-bcde-4db0-a6d1-ece2007fa8d6,intern,2024-02-13 17:53:54.132481,Seeded outcome.
9e17c428-2c21-45e8-9870-bb6fea3003f7,6c5c8bef-cd71-4f96-9b1d-3cd2aa5d1ec3,6f5171b1-bcde-4db0-a6d1-ece2007fa8d6,intern,2024-08-25 17:53:54.181591,Seeded outcome.
de217eaf-9b84-491a-9f0e-f294879a2184,ae67cde3-7526-476b-bd4c-46ed90a767d7,6f5171b1-bcde-4db0-a6d1-ece2007fa8d6,interview_rejected,2024-09-25 17:53:54.230366,Seeded outcome.
f254176b-bbfb-4354-9f02-b67f53d5a7c3,a1fb4e9a-30b7-4c7b-959f-94a915fc3fda,6f5171b1-bcde-4db0-a6d1-ece2007fa8d6,interview_rejected,2023-12-29 17:53:54.281669,Seeded outcome.
1d5e8f8b-8b90-467e-9938-91138f1a7638,01d1dc17-0ae1-4aa1-82ff-d211274ad369,6f5171b1-bcde-4db0-a6d1-ece2007fa8d6,completed,2024-01-29 17:53:54.334171,Seeded outcome.
bcd7df88-b6e5-4f35-a15b-0f3e121399e3,9ff27dae-b97e-4547-bc39-faae532afa60,beef5311-0fad-41df-8f0d-a45881addb60,completed,2025-09-01 17:53:54.380977,Seeded outcome.
7da7339a-a5f4-4084-b234-013fb94bb294,3aab167f-5f51-475d-a2cb-8c00b503d4c7,1f69f1a8-be74-445b-90d7-70b256d1e7c0,completed,2024-08-07 17:53:54.428904,Seeded outcome.
74a86b04-3e5b-40aa-92a2-411ea37378b2,487f6a0d-e59f-4193-ab11-b96113d79df9,beef5311-0fad-41df-8f0d-a45881addb60,completed,2025-06-22 17:53:54.476519,Seeded outcome.
1d70cbe1-5cc0-45b3-a435-f6ae4ad553bd,02371852-eea2-4458-a2ae-fb412e910cfd,6f5171b1-bcde-4db0-a6d1-ece2007fa8d6,completed,2024-03-13 17:53:54.523021,Seeded outcome.
1531dc2f-70ed-41d9-b48a-a4cfaa07543c,7c2f6d3e-9804-488e-85f1-2813aab7dce3,7425818d-e520-4ca7-a457-1cb54aa14d45,completed,2024-12-31 17:53:54.570254,Seeded outcome.
f469df68-1df1-4681-8476-5fa6a74bf4e8,756560f7-3780-4a21-8795-d560beb72cbc,71595315-d434-4a61-b132-de61cce0166f,intern,2025-07-27 17:53:54.617259,Seeded outcome.
c05994c8-e845-470e-aab6-00299f92acd4,1ef0ac13-8af1-4677-bc30-6d0ca191a9ef,7425818d-e520-4ca7-a457-1cb54aa14d45,completed,2024-07-24 17:53:54.663404,Seeded outcome.
ae134baf-ee1e-4904-8eb3-5593adcad16d,25ffe397-b916-46b7-94ea-a371dc61e0a0,beef5311-0fad-41df-8f0d-a45881addb60,completed,2025-02-04 17:53:54.709749,Seeded outcome.
d5532039-65ca-48fd-a9ae-9fd52443f73b,4ac3f769-7154-4920-9f34-f4ddd1f6e1b6,7f52cbac-0712-442c-90cc-a2de90ee1235,completed,2024-07-10 17:53:54.756720,Seeded outcome.
82822868-5134-400b-bbfc-1be8b1bf94cb,9ad52d80-6ec5-445b-8bfb-0567c3781b19,71595315-d434-4a61-b132-de61cce0166f,completed,2023-11-22 17:53:54.808421,Seeded outcome.
1a24f7ff-6889-4036-80fd-7117e3742fa5,9df2c0f8-fde6-4c3f-8475-e21374ae5210,71595315-d434-4a61-b132-de61cce0166f,interview_rejected,2024-02-23 17:53:54.858659,Seeded outcome.
6aeef656-b3a8-4daf-927a-041a30d54f8e,b0bf5d02-40c2-4d38-861d-7c0248657564,7f52cbac-0712-442c-90cc-a2de90ee1235,completed,2024-04-02 17:53:54.906423,Seeded outcome.
b678b57e-6574-4dab-aa2e-cb845c0549a1,09f01b73-a867-4ffe-a17d-e26a373c932b,71595315-d434-4a61-b132-de61cce0166f,interview_rejected,2025-04-25 17:53:54.956028,Seeded outcome.
b681db1f-76be-4dce-9188-2646acf92cc4,da921597-3390-45b9-bc15-10e612f1d599,1f69f1a8-be74-445b-90d7-70b256d1e7c0,completed,2024-05-06 17:53:55.009032,Seeded outcome.
71524ba4-ec45-490c-bb50-e89960208dd5,79d7b10b-9c35-45e8-a42e-6c6238722387,6f5171b1-bcde-4db0-a6d1-ece2007fa8d6,completed,2025-05-13 17:53:55.059450,Seeded outcome.
ef24a0f7-deea-45b0-970c-657d30da268e,014ecaac-9c37-4a09-9142-607d34ee0efc,35209231-cb85-48f4-bd5d-7a07205e7d89,intern,2025-03-21 17:53:55.109979,Seeded outcome.
f4cc6258-745f-4b0a-b56c-3407ba528ea4,c757ce42-d236-4152-856c-99b5aa029298,beef5311-0fad-41df-8f0d-a45881addb60,completed,2025-06-04 17:53:55.158910,Seeded outcome.
3677bbec-cfbb-45f4-a3d1-67da61439f4a,48a2f847-65d5-4da2-b544-9d5c9be87af3,35209231-cb85-48f4-bd5d-7a07205e7d89,dropped,2025-03-22 17:53:55.210516,Seeded outcome.
42fb3d01-9e91-4ed4-8710-842098c9e6a6,6e863882-d3a1-4ff6-b582-cc270d61ff4c,35209231-cb85-48f4-bd5d-7a07205e7d89,interview_rejected,2024-01-30 17:53:55.262693,Seeded outcome.
76069c5b-3309-4f61-bd11-e51f880395f2,6b7081c3-0837-4cfa-93c4-e4a7218108b7,71595315-d434-4a61-b132-de61cce0166f,intern,2024-01-30 17:53:55.313933,Seeded outcome.
31226358-fb87-4cdb-bfee-55179771ef2d,c757ce42-d236-4152-856c-99b5aa029298,7f52cbac-0712-442c-90cc-a2de90ee1235,completed,2024-09-07 17:53:55.363500,Seeded outcome.
3340f03c-9cfb-4ab2-94cd-0995677565cf,4dff76b5-befd-4be8-80f7-031ef52106e9,6f5171b1-bcde-4db0-a6d1-ece2007fa8d6,intern,2025-01-28 17:53:55.418831,Seeded outcome.
fb944821-4676-4303-921b-b8a63d136cd7,48a2f847-65d5-4da2-b544-9d5c9be87af3,84a69683-2aef-444e-a1c4-605b8d4299ed,completed,2023-10-29 17:53:55.471189,Seeded outcome.
1c9c7c8f-2386-4a0e-967c-5a125bad7688,3e3fa0dc-adee-444a-ad8c-0fd7d4a3d4c4,6f5171b1-bcde-4db0-a6d1-ece2007fa8d6,completed,2025-04-01 17:53:55.524103,Seeded outcome.
c36f6ca3-8d74-403c-bf36-8422291af3d5,6b61c374-57ee-43ad-a997-fbfea6f02157,71595315-d434-4a61-b132-de61cce0166f,intern,2024-02-28 17:53:55.572860,Seeded outcome.
c9cd4e12-b144-4847-990b-d90b39bbe76e,25f9e8f7-e5c8-4d4f-ba34-58009c8421a3,d0e87ca0-9dad-4427-a74f-5db2a550fb1a,completed,2024-12-12 17:53:55.673486,Seeded outcome.
81899704-dbd7-4614-9a5a-93aab02508e4,04a056fa-c977-4f37-a358-63e050d8448f,d0e87ca0-9dad-4427-a74f-5db2a550fb1a,interview_rejected,2023-11-21 17:53:55.724146,Seeded outcome.
1579e059-8899-4e2f-8e42-15e64efcc510,96851f74-273c-4736-a6ea-7ee404dc2561,71595315-d434-4a61-b132-de61cce0166f,interview_rejected,2025-03-29 17:53:55.774626,Seeded outcome.
98795315-943c-4db8-a9a3-d572dd99203c,423110f4-b76f-4fa1-b562-27a436e6c027,71595315-d434-4a61-b132-de61cce0166f,intern,2024-01-20 17:53:55.823718,Seeded outcome.
b907589b-bba5-472d-b6fe-933566e7718e,82d47b20-86fc-4fa1-a70e-58a78ea3e15e,6f5171b1-bcde-4db0-a6d1-ece2007fa8d6,intern,2024-10-25 17:53:55.873919,Seeded outcome.
2ba409b5-bffa-483d-b184-52120511bba4,3a535f94-9ca2-4548-8ae0-c70dcb7bf079,84a69683-2aef-444e-a1c4-605b8d4299ed,completed,2023-12-17 17:53:55.924114,Seeded outcome.
762f9378-f803-4055-b32a-095f9b2df142,403433af-8fc1-403a-9934-4a04a33408de,d0e87ca0-9dad-4427-a74f-5db2a550fb1a,completed,2025-06-28 17:53:55.978740,Seeded outcome.
70bd4650-4ce3-4566-8f33-64d4f573d1d6,1c713a23-c8d2-4305-91f7-27264ead3fa7,beef5311-0fad-41df-8f0d-a45881addb60,completed,2023-09-26 17:53:56.031183,Seeded outcome.
a10e56b8-aea7-45e7-8825-ade0117323f2,3e3fa0dc-adee-444a-ad8c-0fd7d4a3d4c4,7425818d-e520-4ca7-a457-1cb54aa14d45,completed,2024-06-24 17:53:56.083822,Seeded outcome.
e40124c1-e4f4-4c7b-9973-0fdc41302c32,d4bc85c6-896e-45cc-a467-5cfd05ba9532,71595315-d434-4a61-b132-de61cce0166f,completed,2025-09-02 17:53:56.137138,Seeded outcome.
5324a9b3-395f-42d1-b88c-b02e6627d413,6b61c374-57ee-43ad-a997-fbfea6f02157,35209231-cb85-48f4-bd5d-7a07205e7d89,intern,2023-12-24 17:53:56.188035,Seeded outcome.
df671f70-d674-48a7-8796-059b94751ef6,01d1dc17-0ae1-4aa1-82ff-d211274ad369,7425818d-e520-4ca7-a457-1cb54aa14d45,completed,2025-05-17 17:53:56.240927,Seeded outcome.
91c52351-ad42-4b50-ae9d-7defa0fc4ef6,d0f01d46-2f15-4266-980d-5b6318ee2943,1f69f1a8-be74-445b-90d7-70b256d1e7c0,completed,2025-11-30 17:53:56.292858,Seeded outcome.
02b0ff7a-4aee-4d87-b747-d252899e7f03,47a1c989-0e39-4327-928e-e9195fb18138,7f52cbac-0712-442c-90cc-a2de90ee1235,completed,2024-03-06 17:53:56.342467,Seeded outcome.
f98b4d44-3848-466f-8b5d-2fc0f840f31e,3e3fa0dc-adee-444a-ad8c-0fd7d4a3d4c4,35209231-cb85-48f4-bd5d-7a07205e7d89,dropped,2025-06-03 17:53:56.393069,Seeded outcome.
ebee8873-d2e2-4f1c-bd3e-dd7a23a8d2b5,dad7789e-70d8-47fc-91c6-74ef95588a4b,71595315-d434-4a61-b132-de61cce0166f,completed,2025-11-28 17:53:56.444888,Seeded outcome.
31722075-b178-428d-9eb6-ed72aa0d7968,42fda6ea-c441-426e-9ce8-8588eb3b3a21,1f69f1a8-be74-445b-90d7-70b256d1e7c0,completed,2025-10-10 17:53:56.495063,Seeded outcome.
c30ab888-e69b-4650-bc05-a761df41d678,8fdd6287-2a2d-431e-8261-3aacbdde4023,d0e87ca0-9dad-4427-a74f-5db2a550fb1a,completed,2024-01-17 17:53:56.543774,Seeded outcome.
e16490de-57bb-43c3-87c1-e8dbef16eafa,423110f4-b76f-4fa1-b562-27a436e6c027,6f5171b1-bcde-4db0-a6d1-ece2007fa8d6,completed,2024-02-23 17:53:56.593771,Seeded outcome.
41904d45-596d-4c02-931f-aeb85e1bc048,a35b344f-95aa-416c-8a76-4dafe6a05ffb,84a69683-2aef-444e-a1c4-605b8d4299ed,interview_rejected,2026-01-15 17:53:56.662683,Seeded outcome.
4ef150aa-6117-42c2-ad35-1a8e26acbdfa,16e508c0-5319-4d3f-8b6e-2bc5a16542ee,7425818d-e520-4ca7-a457-1cb54aa14d45,dropped,2025-08-12 17:53:56.719984,Seeded outcome.
1b6769c0-dbfe-42b7-95b7-6e1be57d8ca4,0139348c-e4b4-4c4b-9c8f-b540f2f00817,d0e87ca0-9dad-4427-a74f-5db2a550fb1a,completed,2024-09-20 17:53:56.771620,Seeded outcome.
8d5b4be0-84ae-4cf5-869b-1f4fc949da18,036c9994-2aba-4172-83bf-510d92dc3b6f,35209231-cb85-48f4-bd5d-7a07205e7d89,completed,2025-06-30 17:53:56.822828,Seeded outcome.
082d1cb8-f3b8-491f-b03f-0b4991a8beba,1ef4b50a-834a-48f0-946f-2767d8bb3e75,35209231-cb85-48f4-bd5d-7a07205e7d89,interview_rejected,2025-04-01 17:53:56.872884,Seeded outcome.
efc3df1f-8712-4efd-9ebf-63533c73f445,014ecaac-9c37-4a09-9142-607d34ee0efc,1f69f1a8-be74-445b-90d7-70b256d1e7c0,completed,2025-02-26 17:53:56.920698,Seeded outcome.
f1182305-7039-4d46-86c7-87de822a2573,9ff27dae-b97e-4547-bc39-faae532afa60,71595315-d434-4a61-b132-de61cce0166f,intern,2025-11-21 17:53:56.968783,Seeded outcome.
12e1a4c1-1b80-4086-a870-8595fde71c19,d165ba16-320a-4a5d-b63c-cf81c919783f,71595315-d434-4a61-b132-de61cce0166f,dropped,2025-10-21 17:53:57.019566,Seeded outcome.
02934d4f-74d1-44af-b528-7b424b92e9b9,836b9757-74ca-4746-ae66-84711d329907,35209231-cb85-48f4-bd5d-7a07205e7d89,completed,2025-05-28 17:53:57.068586,Seeded outcome.
26f63b67-a9a9-4527-958b-65bc1655feee,ffd4271f-9a23-45e2-be12-a7a455cff542,7f52cbac-0712-442c-90cc-a2de90ee1235,completed,2024-07-22 17:53:57.118960,Seeded outcome.
f8ec7d60-5d72-48c1-81b5-b9dfffd3a5c8,2c150696-be1c-409f-86ca-231b31ae3fad,7f52cbac-0712-442c-90cc-a2de90ee1235,completed,2023-12-26 17:53:57.175059,Seeded outcome.
93c14b2c-e1a0-4d84-a4c8-458bc64f3ff6,8d93e1ca-5183-48c2-b871-0f532d3d4ad2,71595315-d434-4a61-b132-de61cce0166f,completed,2025-12-13 17:53:57.229064,Seeded outcome.
bd065792-0ab4-43ac-a89d-9bbb42b34125,1c713a23-c8d2-4305-91f7-27264ead3fa7,d0e87ca0-9dad-4427-a74f-5db2a550fb1a,dropped,2025-07-25 17:53:57.282967,Seeded outcome.
bd55abf4-212d-4dcf-9df9-5c45ea9d39ab,5f25ca1f-626d-4bf1-88b2-b683d12d22d0,71595315-d434-4a61-b132-de61cce0166f,completed,2023-09-16 17:53:57.336441,Seeded outcome.
aa68446a-eaa3-4c8f-b806-0ece653a915d,49d04dc7-1568-4647-9353-69706d11e4b6,6f5171b1-bcde-4db0-a6d1-ece2007fa8d6,intern,2025-12-14 17:53:57.392410,Seeded outcome.
a4df60e2-d645-49cf-b77c-4ff3a02b016f,5fcb114a-347e-41ab-97f3-65ff035641b0,7f52cbac-0712-442c-90cc-a2de90ee1235,completed,2023-09-17 17:53:57.445693,Seeded outcome.
6b9175be-fcbd-457c-919f-5732b4da4bc1,ffa461a3-8414-4edd-a2a9-4af344521e84,1f69f1a8-be74-445b-90d7-70b256d1e7c0,completed,2024-08-31 17:53:57.496997,Seeded outcome.
258fa92e-f750-448d-a52b-e40a8fd3d9ed,e703eea9-a92c-4364-8204-b8332cda81fc,6f5171b1-bcde-4db0-a6d1-ece2007fa8d6,intern,2023-12-16 17:53:57.547707,Seeded outcome.
78198269-2409-48be-901f-0e8a6947c84c,03381d2e-3707-4a8f-9ba0-01ad001d9a3f,1f69f1a8-be74-445b-90d7-70b256d1e7c0,dropped,2025-03-30 17:53:57.599237,Seeded outcome.
583dc29e-2fef-4cc6-8e4b-dc2409e65cea,d5b5fa8d-4afb-4754-9827-8e842a7a8ab6,6f5171b1-bcde-4db0-a6d1-ece2007fa8d6,interview_rejected,2026-01-11 17:53:57.649013,Seeded outcome.
20280cd7-b771-4462-8e2f-89746b672c10,36637320-ef01-434c-8184-f750c22b2373,84a69683-2aef-444e-a1c4-605b8d4299ed,intern,2024-05-13 17:53:57.701983,Seeded outcome.
dfb02642-c14f-479c-adaa-bad6bd6afc45,5ee08a6b-fee9-474c-8189-7067e5f0ebc5,71595315-d434-4a61-b132-de61cce0166f,intern,2025-02-11 17:53:57.752981,Seeded outcome.
df765937-7b1f-4ef2-8538-2a65831ee0e4,6ec979e8-4016-4170-a5c1-2c64b3972544,7f52cbac-0712-442c-90cc-a2de90ee1235,completed,2025-04-04 17:53:57.808747,Seeded outcome.
f17ea3f0-1440-400f-a6b0-725aa42280b5,4a057dd7-4ec4-4bb3-a1e9-10bf453b171f,35209231-cb85-48f4-bd5d-7a07205e7d89,completed,2024-04-04 17:53:57.862815,Seeded outcome.
826db7ff-1e76-4cb2-9d4f-600a17a4c4dd,f3959a7d-8791-4365-8816-5b8f5e8c6b94,71595315-d434-4a61-b132-de61cce0166f,completed,2024-09-02 17:53:57.915415,Seeded outcome.
38c6f701-56ba-4688-b6dd-f3f59449feea,3d8db0ca-a74b-433f-bfd1-73c97f4ff3f8,71595315-d434-4a61-b132-de61cce0166f,interview_rejected,2025-09-05 17:53:57.982855,Seeded outcome.
551a767d-43b7-444b-a530-b39c5c4ae0e4,d6c7eb84-c248-4a7b-9820-7f813296f99f,1f69f1a8-be74-445b-90d7-70b256d1e7c0,interview_rejected,2024-09-28 17:53:58.042628,Seeded outcome.
2e5872b1-24bc-4d75-ac59-c2300114c4a1,39515d34-ad71-4ef2-bf6f-6392f5be1a03,6f5171b1-bcde-4db0-a6d1-ece2007fa8d6,intern,2023-10-15 17:53:58.095635,Seeded outcome.
2a3ac079-9fe7-4a14-a636-2d5a27148116,2c150696-be1c-409f-86ca-231b31ae3fad,beef5311-0fad-41df-8f0d-a45881addb60,intern,2025-08-07 17:53:58.147353,Seeded outcome.
8ed15655-4865-4f15-a10b-0f4ef46b2ee2,03381d2e-3707-4a8f-9ba0-01ad001d9a3f,7f52cbac-0712-442c-90cc-a2de90ee1235,completed,2024-01-03 17:53:58.199301,Seeded outcome.
5a612f9f-1eec-4af9-9224-b8c0fa8d8a60,0139348c-e4b4-4c4b-9c8f-b540f2f00817,35209231-cb85-48f4-bd5d-7a07205e7d89,completed,2025-05-02 17:53:58.251764,Seeded outcome.
636c2112-4eba-4f4e-a8a7-fa6854d89f08,60d1b713-85ff-4dd1-b072-fb73c5d7bd1d,35209231-cb85-48f4-bd5d-7a07205e7d89,completed,2026-01-06 17:53:58.304679,Seeded outcome.
d35a18fe-0e13-44c5-8b78-25fd3a2ca7f0,1976729b-93f8-4a58-8e52-8fd40355476a,35209231-cb85-48f4-bd5d-7a07205e7d89,completed,2023-11-03 17:53:58.360305,Seeded outcome.
dc7bc197-cef7-479f-b405-02829df8b229,d1f479a3-8650-4b58-9109-f633983a362f,7f52cbac-0712-442c-90cc-a2de90ee1235,completed,2025-03-24 17:53:58.413039,Seeded outcome.
0ab1096b-efa7-41f2-a382-9be66293f797,8a37a233-ef56-4b02-ae34-2bd6362f38ed,35209231-cb85-48f4-bd5d-7a07205e7d89,completed,2023-12-07 17:53:58.466374,Seeded outcome.
0ca4c8c9-bfc4-4798-877e-bfded7ef5add,4dff76b5-befd-4be8-80f7-031ef52106e9,7f52cbac-0712-442c-90cc-a2de90ee1235,completed,2025-07-07 17:53:58.519779,Seeded outcome.
9a4d4ba0-1659-4606-996d-94099a4b1323,036c9994-2aba-4172-83bf-510d92dc3b6f,7f52cbac-0712-442c-90cc-a2de90ee1235,intern,2023-08-28 17:53:58.572001,Seeded outcome.
79455d55-2bda-4f1d-a700-c40e25f4f4cb,dc0d3092-255a-482c-9e27-1aa8b36a854a,71595315-d434-4a61-b132-de61cce0166f,completed,2024-12-01 17:53:58.626564,Seeded outcome.
