message_id,sponsor_account_id,contact_id,channel,subject,body,sent_at,created_at
d183c986-9deb-46c4-966d-00fec926ba03,cc4134d2-ee8f-4deb-9020-be0458256f7d,ffa461a3-8414-4edd-a2a9-4af344521e84,phone,,Writer another huge figure offer structure.,2025-10-03 10:27:45,2026-01-30 17:54:14.452203
bb8f1766-2500-4239-9846-e3f7c89bd464,a80a12cb-ec88-4436-96af-5dc1c69f2223,87ee7952-dd05-40ca-ba59-4f0e7c55901b,linkedin,Street appear how model drive way.,Situation father own. Degree such claim minute become.,2024-11-19 17:12:24,2026-01-30 17:54:14.452203
28a3a59d-7ac6-4de9-a434-30a870621d66,7b01b6e6-9f14-4b5f-b2c6-44a3804804d1,aa700485-6696-4d2b-9dcd-07ececbbfb0a,phone,,Prevent she minute news management visit. Just federal lot voice school some. Middle information there partner.,2024-12-09 02:11:39,2026-01-30 17:54:14.452203
c3cb4126-1423-41cd-8b75-93255d58f147,cc4134d2-ee8f-4deb-9020-be0458256f7d,23193815-b6a8-48d7-bde6-d6ca79887312,email,Common add black value well soldier.,Know customer forward act yes until ten prevent. Worry thank any girl. Various old law century door hot.,2025-01-11 06:59:42,2026-01-30 17:54:14.452203
8a0c9720-95a9-483c-97bb-6c43399c11d9,a80a12cb-ec88-4436-96af-5dc1c69f2223,e703eea9-a92c-4364-8204-b8332cda81fc,phone,,Effect production mention itself machine return. Way board time outside. Table director bed job unit.,2025-02-04 05:19:24,2026-01-30 17:54:14.452203
98ffccfe-3707-48f7-9b2f-412b374d78dd,7b01b6e6-9f14-4b5f-b2c6-44a3804804d1,53b5f98f-9ba4-488d-aa4d-a52716f9d122,email,Young brother interview turn.,Her public field difference ahead evidence show. Feeling should line.,2025-07-05 03:19:56,2026-01-30 17:54:14.452203
571d7cc9-efc6-4cc3-a160-96705557484f,cc4134d2-ee8f-4deb-9020-be0458256f7d,6e863882-d3a1-4ff6-b582-cc270d61ff4c,phone,,Third enough fight moment. Your recent go husband contain huge. Table hair particular smile card great author.,2025-08-29 05:52:50,2026-01-30 17:54:14.452203
40157659-be2d-4a3b-bfbb-5b3de723bb71,7b01b6e6-9f14-4b5f-b2c6-44a3804804d1,25ffe397-b916-46b7-94ea-a371dc61e0a0,phone,,Common appear less away mind issue. Me phone show property agreement situation. Establish staff those oil.,2024-05-29 17:22:15,2026-01-30 17:54:14.452203
c074b471-656f-482a-a1df-1f93e716b6ee,7b01b6e6-9f14-4b5f-b2c6-44a3804804d1,0649189c-add8-4e8b-a963-d8945d8a3889,email,Bag against side again nice to note international.,Service style attorney too. Another statement successful site trip us big.,2024-01-26 16:29:20,2026-01-30 17:54:14.452203
4a210bd6-67ec-42ed-8436-f90e2cb029ca,7b01b6e6-9f14-4b5f-b2c6-44a3804804d1,4ac3f769-7154-4920-9f34-f4ddd1f6e1b6,linkedin,Peace must on land.,Serious change office team usually society. Once high nearly tell say end laugh. Similar common may commercial water work win.,2025-07-01 07:19:43,2026-01-30 17:54:14.452203
8d918d2e-5801-4925-8083-ac146b2c6ec3,a80a12cb-ec88-4436-96af-5dc1c69f2223,1f3dfa62-10fc-4719-9141-0ccb9421b68e,email,Explain whether phone life key later pass.,Capital leave carry. Can main society half laugh finally join. Less popular use you major know.,2025-10-01 15:16:11,2026-01-30 17:54:14.452203
5c633204-220b-4d39-bf7f-ca02f4751487,cc4134d2-ee8f-4deb-9020-be0458256f7d,6b55011c-8e62-43e3-b71f-00ab3f631ba6,linkedin,Spring nor perhaps wide.,His attention benefit fish these. Into human movie customer night. Pay responsibility interest fish field top. Ahead prevent foreign themselves three bit protect.,2025-12-17 23:20:18,2026-01-30 17:54:14.452203
24740809-16e3-4740-b1f6-fcf5e5d415a7,7b01b6e6-9f14-4b5f-b2c6-44a3804804d1,e6d5a353-1ae9-4075-8a39-acdd20a03d4c,email,Wrong skin always might game.,Create scene each day.,2024-10-16 07:17:01,2026-01-30 17:54:14.452203
acbbc2a1-4d0f-44e3-adff-df86eaddb81b,cc4134d2-ee8f-4deb-9020-be0458256f7d,8016c9ff-2346-424a-931b-4cb2d2f52904,linkedin,Place foreign reveal himself move.,Source left service on left focus measure. Car agent design action left claim.,2026-01-16 01:23:51,2026-01-30 17:54:14.452203
2d860505-a877-4fb7-8d41-603844fc2a0d,a80a12cb-ec88-4436-96af-5dc1c69f2223,d4c02595-d83c-4328-80d2-54cfba279c2e,linkedin,Wish company beyond six knowledge.,Doctor role ten toward I. Hand specific field near for range consider.,2024-05-07 00:06:52,2026-01-30 17:54:14.452203
c473b50e-b9c1-4d23-9b87-bf2dde1e7a2d,7b01b6e6-9f14-4b5f-b2c6-44a3804804d1,2693c895-600b-4445-b133-92f037da6dee,linkedin,Media student again take skin study.,Look or special official character service military. Onto election strategy movie perhaps. Different party reflect effect anything care serious. Election avoid base police baby star.,2024-01-22 07:42:51,2026-01-30 17:54:14.452203
5eb3cce2-df72-49ef-bad3-74d2456fae03,7b01b6e6-9f14-4b5f-b2c6-44a3804804d1,ed865ba1-25e2-4e5f-aace-892dd18ca825,linkedin,Daughter while piece list senior.,Its relationship around leave. Debate ahead employee use.,2025-10-25 04:22:59,2026-01-30 17:54:14.452203
03cbc07b-8b8b-446e-a0a2-ae9290470d02,55ffd272-e2a3-4778-abcf-a26764ad3988,01d1dc17-0ae1-4aa1-82ff-d211274ad369,phone,,Ten money close wrong necessary. She standard party scientist country.,2025-05-17 20:02:09,2026-01-30 17:54:14.452203
f72b05d5-fbd3-4178-9e7d-8131ef13f337,55ffd272-e2a3-4778-abcf-a26764ad3988,976d6cd8-02ef-463a-a23d-703efcd0ed49,email,Blood note hair along.,Doctor enough just movement debate south fine. Ask history training worry.,2025-05-21 02:28:05,2026-01-30 17:54:14.452203
289b072b-b3d5-4cd9-8a40-0bda01b6957f,7b01b6e6-9f14-4b5f-b2c6-44a3804804d1,dea17abc-5b5d-4ab5-ac25-097f92dd0b9b,linkedin,Baby choice board meet man site response.,Issue source color create. Within economy might turn threat. Turn effort name crime.,2026-01-21 04:45:56,2026-01-30 17:54:14.452203
6c099592-10e9-4d30-b7a3-8004df4be204,7b01b6e6-9f14-4b5f-b2c6-44a3804804d1,3d8db0ca-a74b-433f-bfd1-73c97f4ff3f8,phone,,Born today already section notice may.,2025-12-08 23:52:45,2026-01-30 17:54:14.452203
7912e39b-bc5f-4be1-99d6-0d069281432b,55ffd272-e2a3-4778-abcf-a26764ad3988,81e3b1bb-16f6-4f94-b2b8-4cabef0d3dc8,email,Old actually impact piece.,Now green response economic perform. Positive enter candidate little husband expert travel century. Investment like look girl order.,2025-09-14 01:12:07,2026-01-30 17:54:14.452203
9a4dcdbf-8bff-45b8-8aac-a66f3d2ea6aa,55ffd272-e2a3-4778-abcf-a26764ad3988,f201821c-875b-4945-ad8e-309f5bc91835,email,Family central run none prepare someone.,Pass meeting tax environment age discuss. Identify time argue return edge.,2025-04-17 12:21:06,2026-01-30 17:54:14.452203
ec00fc68-2077-428b-b5ff-8397b6fdbb5c,a80a12cb-ec88-4436-96af-5dc1c69f2223,69161740-9f9e-4089-b226-3fc6f690b143,linkedin,Letter meeting identify wide discussion effect century know.,Bring fund medical. Increase arm process south bed various suffer.,2025-11-26 13:00:45,2026-01-30 17:54:14.452203
91cd2d7c-dbb9-47db-a7d7-77618ba46bb0,a80a12cb-ec88-4436-96af-5dc1c69f2223,5f25ca1f-626d-4bf1-88b2-b683d12d22d0,linkedin,Protect Democrat must picture clearly item.,Trip movie such federal where prevent. Bank house drug effort. Never magazine wide recently moment something.,2024-07-14 17:35:47,2026-01-30 17:54:14.452203
62f8e061-d065-43b4-938b-02c0febded27,cc4134d2-ee8f-4deb-9020-be0458256f7d,1c713a23-c8d2-4305-91f7-27264ead3fa7,email,Service he reveal country.,Common under team never me according present. Parent sign garden seem trade month. No rich better about never.,2025-06-09 23:51:04,2026-01-30 17:54:14.452203
5bb2aacf-17f9-4c65-a5db-1bde4d06ab1c,cc4134d2-ee8f-4deb-9020-be0458256f7d,d165ba16-320a-4a5d-b63c-cf81c919783f,phone,,Their three conference author national write. Rather tree well always senior. Top feel project room member yard amount. Else center continue.,2024-03-20 11:14:09,2026-01-30 17:54:14.452203
a383580b-41f5-4496-9e85-5559bffc0b65,a80a12cb-ec88-4436-96af-5dc1c69f2223,79d7b10b-9c35-45e8-a42e-6c6238722387,email,Detail media generation.,Type American course leg character. You prevent suffer option radio group eight. Their order whom.,2025-05-17 19:19:54,2026-01-30 17:54:14.452203
b9d0a563-9a80-4e48-9d99-0d0602739046,a80a12cb-ec88-4436-96af-5dc1c69f2223,b298d036-86e3-46c9-ae16-b6ce9a474727,phone,,Fish apply successful game. Never resource assume movement others.,2025-06-15 14:23:08,2026-01-30 17:54:14.452203
87ba9368-150b-4ca4-a8c7-c51cb26c2b47,cc4134d2-ee8f-4deb-9020-be0458256f7d,53723e48-7593-45c7-9ec3-5e7e83de88d9,email,Involve they source attention turn prevent health.,Age customer measure effect Mr yet. Benefit attack worry glass.,2024-09-18 04:46:53,2026-01-30 17:54:14.452203
e4c1c01b-3fb6-471c-8bc6-497c9d102ccd,a80a12cb-ec88-4436-96af-5dc1c69f2223,2c150696-be1c-409f-86ca-231b31ae3fad,linkedin,Give much property prepare man.,Support deal ten admit. Blood business as record. Bit behavior leg another foreign too.,2024-07-21 20:07:52,2026-01-30 17:54:14.452203
fbe3294f-347a-4047-86a6-941dc305c4f8,a80a12cb-ec88-4436-96af-5dc1c69f2223,aa700485-6696-4d2b-9dcd-07ececbbfb0a,phone,,Energy yes go store right its relate use. Management agency meet but challenge political blood.,2024-04-26 10:53:04,2026-01-30 17:54:14.452203
f93da8a1-8226-41fd-8694-4a0f3f29acc4,55ffd272-e2a3-4778-abcf-a26764ad3988,e703eea9-a92c-4364-8204-b8332cda81fc,phone,,Answer executive likely stand happy can. Stage letter form no reveal according though. Tough rock environmental camera field.,2025-09-17 14:18:00,2026-01-30 17:54:14.452203
e58ca603-6572-4cad-a94e-ad44ffaae923,cc4134d2-ee8f-4deb-9020-be0458256f7d,eae2148a-b75f-4c41-b0a9-0aa15dfa91ab,phone,,Media floor community occur realize speak.,2024-09-05 05:30:35,2026-01-30 17:54:14.452203
42d3d86c-2f67-4339-8ccd-2df305b0e14c,55ffd272-e2a3-4778-abcf-a26764ad3988,9ff27dae-b97e-4547-bc39-faae532afa60,phone,,Open miss nice special learn environment watch. Already Mrs market base indicate.,2024-01-20 18:31:14,2026-01-30 17:54:14.452203
951c6e09-1153-46be-8a1f-881b8fd68fad,cc4134d2-ee8f-4deb-9020-be0458256f7d,bd3c900d-5e90-4b16-90c9-77d35e523ba9,phone,,Us history particularly hard. Pm fund could night happy. Less card either central around campaign religious. Budget activity experience pick least spend.,2024-07-20 12:03:22,2026-01-30 17:54:14.452203
021215e7-beb5-41a2-b0b1-c703873121d6,cc4134d2-ee8f-4deb-9020-be0458256f7d,3a615a38-3c3c-4df9-b79d-70b16105746e,linkedin,Fish member everybody.,Bed him bank teacher.,2025-07-26 05:40:54,2026-01-30 17:54:14.452203
8174aba6-f555-411a-bae0-d66c105a8153,55ffd272-e2a3-4778-abcf-a26764ad3988,24e703c6-81fe-4574-bc5a-ebb95d1bfcbd,email,Senior fall forget age send she.,Successful media quality edge family when staff. Military ready society gas grow body commercial memory.,2025-07-18 07:52:16,2026-01-30 17:54:14.452203
6266a1fa-26d4-4ef6-a24c-09f691920ad5,55ffd272-e2a3-4778-abcf-a26764ad3988,8a37a233-ef56-4b02-ae34-2bd6362f38ed,phone,,Purpose hope discover tree source doctor. For court image hope administration turn.,2025-02-19 06:19:14,2026-01-30 17:54:14.452203
179e992e-2458-47e9-b2b6-2998423aafb1,cc4134d2-ee8f-4deb-9020-be0458256f7d,423110f4-b76f-4fa1-b562-27a436e6c027,phone,,Direction sign should which. Thank fear adult she lose customer college. Movie democratic ball partner.,2024-10-05 10:52:15,2026-01-30 17:54:14.452203
fb89e057-3ff9-46b0-becd-41e9d4a744c4,a80a12cb-ec88-4436-96af-5dc1c69f2223,ae1afa01-86bc-43a0-9b12-2e964e9531d0,phone,,International nature choose us. Maybe over low important. Exist even almost everything dark.,2025-10-14 22:38:27,2026-01-30 17:54:14.452203
d71b39fe-a1ae-404b-ab8c-7cf5dde22dad,55ffd272-e2a3-4778-abcf-a26764ad3988,bd3c900d-5e90-4b16-90c9-77d35e523ba9,phone,,Store pass teacher accept bill exactly base. Base six marriage artist next style material. Show board light at room. Particularly citizen another thing piece hour.,2024-03-16 19:27:10,2026-01-30 17:54:14.452203
60988b9f-772b-4d70-9b0a-4b296f409d6b,55ffd272-e2a3-4778-abcf-a26764ad3988,23193815-b6a8-48d7-bde6-d6ca79887312,linkedin,Partner Republican do entire.,Federal spend country such. There walk need debate each generation citizen. Fast reduce visit knowledge example wonder drug computer.,2024-07-19 21:37:11,2026-01-30 17:54:14.452203
c7a7ab84-d9b9-42a0-9699-cab56d350d27,55ffd272-e2a3-4778-abcf-a26764ad3988,08ae6383-22e3-4cb5-9db9-8456836f8102,phone,,Design other our feeling hotel thank. Real me brother edge. Always entire worry produce easy.,2025-11-29 17:35:40,2026-01-30 17:54:14.452203
44d99f61-467c-4111-a02c-e1ff602cd779,7b01b6e6-9f14-4b5f-b2c6-44a3804804d1,01d1dc17-0ae1-4aa1-82ff-d211274ad369,linkedin,Reveal prevent military beyond fast people.,Success their ago no. Current how language firm various more sense. Check by business.,2024-10-02 22:57:45,2026-01-30 17:54:14.452203
d06729c1-9c0a-4290-be58-90f5dd20d55d,a80a12cb-ec88-4436-96af-5dc1c69f2223,eba050a0-997e-40a7-a108-a7bf0ee79d5f,email,Also service however ever whose well final.,Bag claim property model so. Majority spring officer source ability establish.,2025-09-04 03:04:13,2026-01-30 17:54:14.452203
d579c07e-f4b2-4dbd-89ce-c4827cfa2341,a80a12cb-ec88-4436-96af-5dc1c69f2223,de693cf6-863d-4755-a886-c7eef0493ba9,linkedin,Note Democrat one already woman long kid.,Find across claim identify recent work despite plan. Outside cause door adult possible anyone collection lot.,2025-03-30 19:49:44,2026-01-30 17:54:14.452203
0d086ddc-dba9-4681-a049-ce743ef4391b,cc4134d2-ee8f-4deb-9020-be0458256f7d,93f1bfcf-6988-42fb-9781-686fe8019e88,linkedin,Behind before child yourself cover year change debate.,Affect be bad election particularly data. Claim above difference.,2024-12-31 11:26:14,2026-01-30 17:54:14.452203
9a44ab4f-7de1-42d0-8426-f9356cfd7916,7b01b6e6-9f14-4b5f-b2c6-44a3804804d1,e38a088e-24b4-42ea-a03b-407113939889,email,Everyone change true economy begin.,Leg choose civil treat property it official. Always perform student agreement.,2025-11-21 20:06:12,2026-01-30 17:54:14.452203
33ce6ed1-4e5a-4091-b360-702c289a9c95,7b01b6e6-9f14-4b5f-b2c6-44a3804804d1,08ae6383-22e3-4cb5-9db9-8456836f8102,email,Attorney join thousand.,Thought peace notice. Fire woman top out paper cause determine.,2024-10-23 10:49:47,2026-01-30 17:54:14.452203
f298703b-2eaa-40a9-b8ef-31f367408aaa,a80a12cb-ec88-4436-96af-5dc1c69f2223,4129a6ff-24a7-457f-b7cb-c045a89c4473,phone,,Total skin month life night. Million two admit open court term affect. Region board again state.,2024-02-11 23:47:17,2026-01-30 17:54:14.452203
b7d07505-60c4-4090-877c-534fdfe68841,55ffd272-e2a3-4778-abcf-a26764ad3988,153eeb16-25e4-4988-b73a-5572f33771c8,email,Participant left page wall politics television religious knowledge.,Shake and success indeed animal piece try. Tough forget politics idea politics.,2024-09-23 03:49:46,2026-01-30 17:54:14.452203
c42a503f-981d-46aa-a029-f6f1c9e9f7e5,cc4134d2-ee8f-4deb-9020-be0458256f7d,701b9876-ee34-4e06-aa50-78b7e883abc4,linkedin,Environment single around spend bill.,Rich series garden common final campaign phone. Into each simply their painting bed agreement. Generation often right everyone stop future floor.,2024-09-02 17:48:54,2026-01-30 17:54:14.452203
3dddb2e6-ea84-4f63-a24b-0c2074c55c1d,55ffd272-e2a3-4778-abcf-a26764ad3988,dea17abc-5b5d-4ab5-ac25-097f92dd0b9b,phone,,Degree section institution owner. Yeah marriage today officer stay. Reduce represent social protect material.,2024-03-03 18:26:05,2026-01-30 17:54:14.452203
441435ba-8846-4abb-b861-5fcec24fe543,a80a12cb-ec88-4436-96af-5dc1c69f2223,2862876b-def5-44f0-97cf-5b67f9fa7fe1,linkedin,They game story write hope individual.,Go wide agent next. Choice yeah always part thousand material.,2024-05-17 08:14:35,2026-01-30 17:54:14.452203
34366702-0a9c-4edc-bd6e-2195e0cabe8a,7b01b6e6-9f14-4b5f-b2c6-44a3804804d1,6b61c374-57ee-43ad-a997-fbfea6f02157,linkedin,Professional save need build statement hot.,Exactly reality view. Break huge why.,2024-12-17 02:52:58,2026-01-30 17:54:14.452203
8c8fce8e-1518-4001-846a-6a2824a8005f,55ffd272-e2a3-4778-abcf-a26764ad3988,dc9d7c25-e7a4-4f1d-8d1d-8169b0d0873a,linkedin,Itself season practice history energy.,Fine seem with sea little accept ask. Center minute available consider identify.,2025-08-23 19:52:23,2026-01-30 17:54:14.452203
974b777e-a3e6-47da-9588-b697bf164760,55ffd272-e2a3-4778-abcf-a26764ad3988,92005158-9089-4958-9028-7b6139901b4b,email,Physical there apply hair former.,Little point such I room language view as. Number much true shoulder so scene.,2025-09-01 21:23:31,2026-01-30 17:54:14.452203
75b7b904-a80c-4b79-8642-9b9aca9974a5,55ffd272-e2a3-4778-abcf-a26764ad3988,1b78f4e4-f4ac-4269-ae09-f02bbfbcd263,email,Ball fine impact official there.,Newspaper dinner occur different. Run middle dinner happen as miss value. Reach field provide real performance.,2024-12-02 20:58:00,2026-01-30 17:54:14.452203
007aa302-7631-48ce-8ff4-2cfe7b804a96,cc4134d2-ee8f-4deb-9020-be0458256f7d,75ca46ef-08c2-4e04-b864-162f0f2ed5e6,phone,,These matter nothing future.,2024-11-29 05:36:50,2026-01-30 17:54:14.452203
24c5c14c-38df-49d6-a819-21c11c9829f7,cc4134d2-ee8f-4deb-9020-be0458256f7d,6b61c374-57ee-43ad-a997-fbfea6f02157,linkedin,Buy clearly perhaps worry their pretty.,Throw follow anything Mr. Week seek why both main.,2024-01-30 07:15:03,2026-01-30 17:54:14.452203
d4f7170e-b1ae-401d-b13a-d9dc8c1868c6,55ffd272-e2a3-4778-abcf-a26764ad3988,dc0d3092-255a-482c-9e27-1aa8b36a854a,phone,,Kitchen third Mr safe born. Model benefit medical capital group since actually.,2024-10-16 19:06:51,2026-01-30 17:54:14.452203
8207bc4b-40de-4bec-b3df-26141a3088d0,a80a12cb-ec88-4436-96af-5dc1c69f2223,71ddcc28-c32a-4e93-bfb6-f8dbded2617c,email,Age picture represent Democrat.,Personal watch business today eat. Woman across yard do conference many.,2025-10-09 04:30:29,2026-01-30 17:54:14.452203
9d80b053-304d-4257-88fc-e05c482288c3,55ffd272-e2a3-4778-abcf-a26764ad3988,ae67cde3-7526-476b-bd4c-46ed90a767d7,phone,,Third course white produce them light staff. Break begin boy effect help.,2025-06-09 15:29:59,2026-01-30 17:54:14.452203
74a51498-f27e-4b86-8b67-37031c418a75,55ffd272-e2a3-4778-abcf-a26764ad3988,6b7081c3-0837-4cfa-93c4-e4a7218108b7,email,Challenge appear form nation letter allow.,Play company reduce simply check before action white. Big happen within film drive administration.,2025-06-22 16:14:17,2026-01-30 17:54:14.452203
d576d6cc-2d23-4a5b-9450-24f564d05254,a80a12cb-ec88-4436-96af-5dc1c69f2223,bc24f219-a302-468a-a236-bf95f331fa39,linkedin,Sort capital north at.,South group score plan. Particular anyone project foreign suffer threat. Real culture authority light enter theory.,2024-03-20 18:37:12,2026-01-30 17:54:14.452203
83487e05-3dc3-430e-9373-5e9821261f0f,a80a12cb-ec88-4436-96af-5dc1c69f2223,e5b15311-e310-4348-a628-5e5bd1404a64,linkedin,Keep certain shake myself international later do close.,Owner though far in. Defense half no thank reason.,2024-02-20 17:02:17,2026-01-30 17:54:14.452203
271e19a9-9bbf-45a6-a58b-d73a1563fcd7,a80a12cb-ec88-4436-96af-5dc1c69f2223,345b6e97-445f-4df2-bc44-ee18574a08f4,email,Man political oil seat enter minute your.,Large commercial hour mention happy protect. Someone in although camera respond TV country third. Case television that discover.,2024-12-20 03:04:56,2026-01-30 17:54:14.452203
16589cc1-e687-40c9-bd8c-0c1f2353e396,a80a12cb-ec88-4436-96af-5dc1c69f2223,7feb2ab1-60f5-40aa-8f02-9b6b2ba9d874,phone,,Truth party somebody yard. Building job minute certainly.,2025-11-20 17:02:09,2026-01-30 17:54:14.452203
b3b32efe-146e-4a66-a852-4da35430e4eb,55ffd272-e2a3-4778-abcf-a26764ad3988,24e703c6-81fe-4574-bc5a-ebb95d1bfcbd,phone,,Scene from she behavior. But have likely professional.,2025-12-01 03:00:41,2026-01-30 17:54:14.452203
c13e7a32-b37b-4e66-974b-eb1f3eedd8d9,a80a12cb-ec88-4436-96af-5dc1c69f2223,791cd594-aba2-4ac4-b454-2af562284e15,linkedin,Enjoy easy no father race open.,Important build down safe staff. Treat attorney put fire police. International individual including eye onto student big.,2024-05-26 08:30:57,2026-01-30 17:54:14.452203
3478e2a3-b821-45f4-b607-b8e4b0b01369,cc4134d2-ee8f-4deb-9020-be0458256f7d,ae67cde3-7526-476b-bd4c-46ed90a767d7,email,Spring thing manager purpose use through.,Act red discuss floor. Popular indeed material break.,2024-06-26 10:01:31,2026-01-30 17:54:14.452203
16beb211-5729-4206-bd1d-a58c978616ca,55ffd272-e2a3-4778-abcf-a26764ad3988,765d8fcc-e235-473c-9214-d1a55b7971b7,email,Piece forget old believe positive for it animal.,Attorney chance sea someone wind occur around research.,2025-07-24 04:10:48,2026-01-30 17:54:14.452203
4e2f3fe6-7ccc-442a-a00a-114202f93bf0,55ffd272-e2a3-4778-abcf-a26764ad3988,69121299-8875-4a9e-bb23-266178f2a95d,email,Arrive difference she nor join decade.,Available music property dinner spend culture. Could in owner ground easy. Factor sense game page range.,2024-10-11 17:45:35,2026-01-30 17:54:14.452203
70304c42-11be-4bab-8498-4e4bbaa0a8c3,7b01b6e6-9f14-4b5f-b2c6-44a3804804d1,82d47b20-86fc-4fa1-a70e-58a78ea3e15e,phone,,Amount in us song sister.,2025-11-11 19:58:01,2026-01-30 17:54:14.452203
3932c8a6-4490-44c2-b6d8-a069c7b9f50e,a80a12cb-ec88-4436-96af-5dc1c69f2223,c74fc94d-f4b1-41bf-9117-d45880304bc2,phone,,However stop also record author final establish practice. War growth agent affect. Feeling room even remember later receive.,2025-02-19 08:09:13,2026-01-30 17:54:14.452203
9f13bfca-4a36-4625-96e3-c912eb97b134,7b01b6e6-9f14-4b5f-b2c6-44a3804804d1,3c532c5d-fc38-4a7f-9dfd-f0fbdbbfef60,phone,,Ball other skin this tend nearly ever reflect. Hold example successful everyone small.,2024-02-07 06:02:46,2026-01-30 17:54:14.452203
87bac687-248c-4ddd-b755-e8f2d269f69b,7b01b6e6-9f14-4b5f-b2c6-44a3804804d1,1ef0ac13-8af1-4677-bc30-6d0ca191a9ef,phone,,Finish herself time provide mouth doctor. Above among table field laugh staff. This happen order health.,2025-10-11 10:24:24,2026-01-30 17:54:14.452203
04557cd9-6f0e-40d3-a19d-72dfa1917c84,7b01b6e6-9f14-4b5f-b2c6-44a3804804d1,d0f01d46-2f15-4266-980d-5b6318ee2943,email,Yourself few perform the someone later.,Strategy speech rich will civil citizen institution. Fine affect money social writer. Could kitchen foreign during animal.,2024-03-30 22:28:43,2026-01-30 17:54:14.452203
209d17b6-ccf9-4e78-9490-28262a9779e8,cc4134d2-ee8f-4deb-9020-be0458256f7d,6ec979e8-4016-4170-a5c1-2c64b3972544,linkedin,Matter daughter old side wall.,Father few factor once huge. Determine think today action couple customer. While deal top support training quickly radio.,2024-04-05 23:58:44,2026-01-30 17:54:14.452203
4dc37f0e-7ba8-4baf-92bf-7e5afaab35a7,a80a12cb-ec88-4436-96af-5dc1c69f2223,3d8db0ca-a74b-433f-bfd1-73c97f4ff3f8,phone,,Up later response paper exactly. Answer major like.,2025-06-29 03:46:18,2026-01-30 17:54:14.452203
b9b6c4ca-99af-48e1-9e70-2044f57402c1,55ffd272-e2a3-4778-abcf-a26764ad3988,f3959a7d-8791-4365-8816-5b8f5e8c6b94,email,Provide argue property great add box tree sense.,Leg stand suggest no role. Fast until laugh main call. Bed truth administration establish laugh. Kind dream indeed effect wonder age.,2025-06-16 15:07:14,2026-01-30 17:54:14.452203
f4d9c76f-ae93-48bd-b6ca-15189b52eed3,7b01b6e6-9f14-4b5f-b2c6-44a3804804d1,1c713a23-c8d2-4305-91f7-27264ead3fa7,phone,,Wonder environment goal trouble news. News minute hear very full them. Lot provide year something term rise single.,2024-11-22 21:36:45,2026-01-30 17:54:14.452203
6ae81791-70c2-4238-9e9b-dada70e69259,7b01b6e6-9f14-4b5f-b2c6-44a3804804d1,eae2148a-b75f-4c41-b0a9-0aa15dfa91ab,phone,,Late important environmental. Live yeah whatever song.,2025-02-08 03:16:01,2026-01-30 17:54:14.452203
3b6cc985-d5d6-446a-9f99-e3d747550bf8,55ffd272-e2a3-4778-abcf-a26764ad3988,eba050a0-997e-40a7-a108-a7bf0ee79d5f,linkedin,Central election go.,Goal guess feeling heavy car artist eat. Public the bar exist candidate raise. Rock design voice.,2025-10-07 04:29:20,2026-01-30 17:54:14.452203
44ff60db-c88f-4f6c-898e-71ae4896d6ed,7b01b6e6-9f14-4b5f-b2c6-44a3804804d1,2693c895-600b-4445-b133-92f037da6dee,email,Especially all until east newspaper soon condition later.,Yet imagine success. Test here model performance responsibility race.,2024-03-29 13:20:52,2026-01-30 17:54:14.452203
c662134f-0695-4817-b8d1-edcf937593d8,cc4134d2-ee8f-4deb-9020-be0458256f7d,383ec6b2-e1ef-42c7-8684-b2529a11edf5,email,Second thank election campaign build ten society.,Brother hour crime color act teach. Surface today cover food break respond strong.,2025-04-18 00:36:59,2026-01-30 17:54:14.452203
c556786c-d412-4edf-85e0-e79322220530,a80a12cb-ec88-4436-96af-5dc1c69f2223,93391d7d-b4e6-4943-9990-6cb144a1b601,email,Most long claim trouble subject financial practice those.,Most itself itself debate scientist leader unit they. National support side course population east. Blue risk plan way series.,2026-01-25 20:15:59,2026-01-30 17:54:14.452203
7e5b4b16-6b39-40ec-beed-56de8b7f7d86,a80a12cb-ec88-4436-96af-5dc1c69f2223,d7388c6a-adb5-441e-adba-5e2b02e9b047,email,Marriage involve charge increase school.,Imagine Republican senior mother offer right hand ago.,2024-11-14 06:24:35,2026-01-30 17:54:14.452203
b2285e84-111a-47dd-9944-653b4971565a,55ffd272-e2a3-4778-abcf-a26764ad3988,04a056fa-c977-4f37-a358-63e050d8448f,linkedin,Thus bad social red.,Water room maybe ball cost real tend. Tv concern tell unit hear.,2025-03-01 18:02:49,2026-01-30 17:54:14.452203
5c0f0f78-2f00-4c4c-8aa0-58f792f4f7ee,55ffd272-e2a3-4778-abcf-a26764ad3988,d0f01d46-2f15-4266-980d-5b6318ee2943,linkedin,Course whole themselves interview smile light yourself.,Lay consumer smile sell. Several reduce although. Short while threat best customer.,2025-12-25 18:41:54,2026-01-30 17:54:14.452203
12aedcf2-e535-4697-8111-b65cc1cf0448,a80a12cb-ec88-4436-96af-5dc1c69f2223,6c5c8bef-cd71-4f96-9b1d-3cd2aa5d1ec3,linkedin,Act toward step when use difficult another.,Dog discussion threat carry recently.,2024-01-03 03:02:24,2026-01-30 17:54:14.452203
d65788fa-6922-4f4a-b240-9bcbd83eb873,7b01b6e6-9f14-4b5f-b2c6-44a3804804d1,ba660080-e393-4506-804a-6f9ffcb077c4,email,Situation wish could watch also race list.,There pick role. Upon who here upon. Check major fact including create. Military especially east prove home.,2025-10-10 17:51:21,2026-01-30 17:54:14.452203
0476ade1-af0d-4c13-9987-904a46784c90,cc4134d2-ee8f-4deb-9020-be0458256f7d,8fdd6287-2a2d-431e-8261-3aacbdde4023,phone,,General attorney government reason team. Early upon leader research protect baby government.,2026-01-07 10:57:23,2026-01-30 17:54:14.452203
d65c6cd0-2b1b-4c05-a939-10e231eae82b,7b01b6e6-9f14-4b5f-b2c6-44a3804804d1,7037fd4b-f7b3-49a4-92b4-5adf5b1e8465,email,Turn environment woman decision take significant stay.,So political water key community probably look. Discuss visit nation feel next person beautiful billion. Month raise letter.,2025-07-16 00:26:20,2026-01-30 17:54:14.452203
c286503e-8cf8-4fc1-82cb-cb352b06f33b,a80a12cb-ec88-4436-96af-5dc1c69f2223,09f01b73-a867-4ffe-a17d-e26a373c932b,email,Lay career song seven.,Alone light certainly instead worry doctor bring. Own administration focus must benefit strong. Probably those surface memory artist.,2024-06-28 13:08:24,2026-01-30 17:54:14.452203
fb017294-97ef-4264-8fbb-3daec37995e9,a80a12cb-ec88-4436-96af-5dc1c69f2223,24bf8f8e-c22a-4fba-9a1b-6b9d25b65526,linkedin,Environmental never hospital figure behavior.,Positive himself from stand. Enter involve yard music within heart thus. Reduce activity voice either material drop.,2024-12-26 14:45:26,2026-01-30 17:54:14.452203
205ea082-bead-485b-a8d3-da85431b53b9,7b01b6e6-9f14-4b5f-b2c6-44a3804804d1,25ffe397-b916-46b7-94ea-a371dc61e0a0,email,Above right available investment board surface.,Unit maintain realize guy eye nor tax. Nature government since glass gun way. Why rate image close old.,2025-11-09 23:09:32,2026-01-30 17:54:14.452203
4e146f70-66f6-4c82-8456-cc61006d1ee5,a80a12cb-ec88-4436-96af-5dc1c69f2223,4ac3f769-7154-4920-9f34-f4ddd1f6e1b6,email,Seek environment painting keep.,Wall fact region walk generation recently let. But morning television brother where type full. Line bit happy region same.,2025-09-14 14:50:03,2026-01-30 17:54:14.452203
97db0954-7d0f-43d6-90fb-dd7fa494a934,a80a12cb-ec88-4436-96af-5dc1c69f2223,4dff76b5-befd-4be8-80f7-031ef52106e9,phone,,Bank cut surface board executive religious. And box go will make. Fill not court about. Training rich hand reach see bill risk.,2025-07-27 15:23:13,2026-01-30 17:54:14.452203
0cfe0b5d-f4e6-4d6f-b1a5-6ac8f68dbc78,7b01b6e6-9f14-4b5f-b2c6-44a3804804d1,dc9d7c25-e7a4-4f1d-8d1d-8169b0d0873a,email,Product painting perhaps possible exactly perform property compare.,Life player explain this. Box shake somebody or poor. Care responsibility full little.,2025-11-22 12:14:45,2026-01-30 17:54:14.452203
3b05ef5f-6d7c-4c63-a0ac-0deb77f84718,7b01b6e6-9f14-4b5f-b2c6-44a3804804d1,ce900e88-2801-43c6-be9c-a6aa2ab6cf1e,email,Several wife response line if act rock if.,Accept dog draw network quickly. Cost politics sport full collection indeed book.,2025-05-30 05:50:02,2026-01-30 17:54:14.452203
2a7c9dfc-c7c0-4876-8ae3-2e54affa369f,55ffd272-e2a3-4778-abcf-a26764ad3988,ca42b8e2-7476-4bdb-92cc-76243b7ae069,phone,,Allow then police thing teacher though hair. Reflect daughter need type act play.,2024-10-04 16:47:37,2026-01-30 17:54:14.452203
abee6d23-2fb3-41a8-a147-3621a7fd2914,a80a12cb-ec88-4436-96af-5dc1c69f2223,dc0d3092-255a-482c-9e27-1aa8b36a854a,linkedin,Still edge along race two every.,Pattern face hot model analysis many. Huge Republican I treatment no thank.,2024-03-13 04:44:17,2026-01-30 17:54:14.452203
8edccd27-1160-408a-bf4a-f4ffd1be5472,a80a12cb-ec88-4436-96af-5dc1c69f2223,7bf2e326-8cfb-4c5a-b008-ecdb25fc43a8,linkedin,Small how fly market front baby security.,War issue blue throughout school key. How design summer various.,2024-03-29 09:58:56,2026-01-30 17:54:14.452203
3ac50e3e-306a-419b-a00b-4b0544e7e10d,cc4134d2-ee8f-4deb-9020-be0458256f7d,3e3fa0dc-adee-444a-ad8c-0fd7d4a3d4c4,linkedin,Science current management citizen notice foreign Mrs.,Tree space sound stock age sea who. Professor training one nature energy.,2024-07-30 03:20:09,2026-01-30 17:54:14.452203
7c019ac0-2920-4fa9-8718-8e2f74e87b2b,cc4134d2-ee8f-4deb-9020-be0458256f7d,eba050a0-997e-40a7-a108-a7bf0ee79d5f,linkedin,Table without hard this ready.,Friend dog action own husband. Claim half man structure sign. Data history large sound assume couple seek.,2025-05-18 23:22:30,2026-01-30 17:54:14.452203
e06c2026-1185-4050-97af-288a62471253,7b01b6e6-9f14-4b5f-b2c6-44a3804804d1,bc24f219-a302-468a-a236-bf95f331fa39,email,Small country onto right government.,Trouble wife statement leg situation main collection. Too government go probably security hotel commercial. Grow provide appear should.,2025-06-24 17:32:49,2026-01-30 17:54:14.452203
9a926b83-eb5c-49cd-bd16-c8869fd2c1c0,7b01b6e6-9f14-4b5f-b2c6-44a3804804d1,54067d05-8d84-4fcd-b193-3c33ab966244,phone,,Street relationship push benefit human evening indicate. Often like watch author all move.,2024-03-21 13:21:08,2026-01-30 17:54:14.452203
af33ddf5-a248-4d1c-b3e0-d11bcdc55b11,cc4134d2-ee8f-4deb-9020-be0458256f7d,e13c0cdd-0440-482d-ab8a-86148e4073a2,linkedin,Prevent kind kitchen throughout.,Develop realize alone old sport player. Same still store material join will.,2025-06-10 22:09:52,2026-01-30 17:54:14.452203
50fa0ea2-7f29-4394-b34d-a915bb54c019,55ffd272-e2a3-4778-abcf-a26764ad3988,5812d7af-6740-4ef8-8b20-e5973e3b007e,linkedin,Tree occur parent Democrat represent.,Bed system small should manager probably case. Democratic international discover bar decision gas type.,2024-10-21 23:04:03,2026-01-30 17:54:14.452203
75bf121e-72fc-48f6-ad84-b24337389da8,7b01b6e6-9f14-4b5f-b2c6-44a3804804d1,8a37a233-ef56-4b02-ae34-2bd6362f38ed,linkedin,Deep exactly three once because.,Crime relate create talk very. Only begin today risk voice make.,2025-11-14 11:27:41,2026-01-30 17:54:14.452203
8abd439f-531f-4ab8-9df5-21fb50d05884,55ffd272-e2a3-4778-abcf-a26764ad3988,6b2554c1-5ea2-4bcc-a8cf-e62bdd1837ca,phone,,Weight great show choose investment care. World role through his stay military present.,2025-12-15 21:27:43,2026-01-30 17:54:14.452203
2d72b637-37f9-44ec-b5c3-eb29fffc1de7,7b01b6e6-9f14-4b5f-b2c6-44a3804804d1,4129a6ff-24a7-457f-b7cb-c045a89c4473,linkedin,Adult dog poor level draw security.,Night arm letter red. Indicate themselves reach television.,2024-12-08 07:01:03,2026-01-30 17:54:14.452203
93bd641e-1581-4dae-b96e-54cea2561baf,7b01b6e6-9f14-4b5f-b2c6-44a3804804d1,de693cf6-863d-4755-a886-c7eef0493ba9,email,Air one same into staff.,Oil even year growth add lawyer during. Poor beat amount reality meeting why direction.,2025-05-23 17:35:32,2026-01-30 17:54:14.452203
2b7924e2-7630-45aa-992c-ec216c0114c3,7b01b6e6-9f14-4b5f-b2c6-44a3804804d1,d7388c6a-adb5-441e-adba-5e2b02e9b047,linkedin,Small seem along both.,Either want I month teacher. Even training anyone particular.,2025-11-05 10:53:12,2026-01-30 17:54:14.452203
9ed4849a-6935-43cb-accc-5c6ec37ee014,55ffd272-e2a3-4778-abcf-a26764ad3988,423110f4-b76f-4fa1-b562-27a436e6c027,phone,,Trip think say political spend. Cost business there movie remember begin figure.,2025-11-09 04:34:32,2026-01-30 17:54:14.452203
7c0bf264-2375-41c9-b5f7-fc503f211e1b,7b01b6e6-9f14-4b5f-b2c6-44a3804804d1,10fbd2d1-0301-4d09-994b-0d3c615b7c27,linkedin,Wrong mind major age billion short enjoy.,Explain especially form environment worry front. Drive imagine return unit. Entire finally line.,2025-05-28 23:13:45,2026-01-30 17:54:14.452203
38f3f535-5b6b-4095-93b6-2d73c974b207,55ffd272-e2a3-4778-abcf-a26764ad3988,6b2554c1-5ea2-4bcc-a8cf-e62bdd1837ca,phone,,Catch direction through. Five law hope too real several structure.,2024-09-25 13:14:15,2026-01-30 17:54:14.452203
b394f992-9cf2-40d6-91a2-d85b43cc9a43,cc4134d2-ee8f-4deb-9020-be0458256f7d,8fdd6287-2a2d-431e-8261-3aacbdde4023,phone,,Final Republican major several. Room ground worker hot. Ground be this hope create building suffer.,2025-10-13 16:42:32,2026-01-30 17:54:14.452203
