work_experience_id,contact_id,company_account_id,company_name_raw,title,start_date,end_date,is_current,location_city,location_state,description,source_system,source_profile_url,source_payload,created_at
61c1957a-b671-45ff-99b8-c3726939f37f,036c9994-2aba-4172-83bf-510d92dc3b6f,97c8399b-4aaa-4239-a55e-75f7d010a9e9,Greystar,Analyst,2026-06-01,,True,Boston,NY,Post-program placement into Real Estate Development (seed).,clay,,,2026-01-30 17:53:58.679054
c0d14dce-99c3-4c88-b567-c6a1ff5cc903,a35b344f-95aa-416c-8a76-4dafe6a05ffb,97c8399b-4aaa-4239-a55e-75f7d010a9e9,Greystar,Analyst,2026-06-01,,True,New York,NY,Post-program placement into Real Estate Development (seed).,clay,,,2026-01-30 17:53:58.679054
04d30fe0-acab-4ae5-ba10-3a87c0a35acd,f58da731-cd71-4c58-b4ab-f90ae36e4f8d,cc4134d2-ee8f-4deb-9020-be0458256f7d,Hines (Houston),Real Estate Analyst,2026-06-01,,True,New York,NY,Post-program placement into Real Estate Development (seed).,clay,,,2026-01-30 17:53:58.679054
bf80737e-7fce-46cd-b4f1-4d611ba13bf7,701b9876-ee34-4e06-aa50-78b7e883abc4,6bf701e4-6d6c-499b-b589-b298f3bb600b,BXP,Development Analyst,2026-06-01,,True,Boston,MA,Post-program placement into Real Estate Development (seed).,clay,,,2026-01-30 17:53:58.679054
00d98158-6758-455b-aa19-95036c63281d,da921597-3390-45b9-bc15-10e612f1d599,6bf701e4-6d6c-499b-b589-b298f3bb600b,BXP,Analyst,2026-06-01,,True,Los Angeles,CA,Post-program placement into Real Estate Development (seed).,clay,,,2026-01-30 17:53:58.679054
c79887db-c8a2-418c-9957-01ae7d2fe31f,09f01b73-a867-4ffe-a17d-e26a373c932b,a80a12cb-ec88-4436-96af-5dc1c69f2223,The Related Companies,Analyst,2026-06-01,,True,Boston,CA,Post-program placement into Real Estate Development (seed).,clay,,,2026-01-30 17:53:58.679054
f642b7f3-2d13-471c-b512-d781dddb2df9,42fda6ea-c441-426e-9ce8-8588eb3b3a21,cc4134d2-ee8f-4deb-9020-be0458256f7d,Hines,Analyst,2026-06-01,,True,New York,MA,Post-program placement into Real Estate Development (seed).,clay,,,2026-01-30 17:53:58.679054
3eaee1b1-f948-4851-9652-e7a0e86172f3,d4c02595-d83c-4328-80d2-54cfba279c2e,6bf701e4-6d6c-499b-b589-b298f3bb600b,Boston Properties,Real Estate Analyst,2026-06-01,,True,Los Angeles,CA,Post-program placement into Real Estate Development (seed).,clay,,,2026-01-30 17:53:58.679054
75c74280-4fb5-4efe-8406-5b596d989ea1,487f6a0d-e59f-4193-ab11-b96113d79df9,6bf701e4-6d6c-499b-b589-b298f3bb600b,Boston Props,Development Analyst,2026-06-01,,True,Los Angeles,MA,Post-program placement into Real Estate Development (seed).,clay,,,2026-01-30 17:53:58.679054
f9d50329-4ae0-48cc-9f27-e30145fc8139,d0f01d46-2f15-4266-980d-5b6318ee2943,6bf701e4-6d6c-499b-b589-b298f3bb600b,Boston Props,Development Analyst,2026-06-01,,True,New York,NY,Post-program placement into Real Estate Development (seed).,clay,,,2026-01-30 17:53:58.679054
91bb17d0-6523-4de7-b1f4-fe67b70add59,ffa461a3-8414-4edd-a2a9-4af344521e84,97c8399b-4aaa-4239-a55e-75f7d010a9e9,Greystar,Development Analyst,2026-06-01,,True,Boston,CA,Post-program placement into Real Estate Development (seed).,clay,,,2026-01-30 17:53:58.679054
1a4e6fb7-1408-43aa-91d8-20e6c85d3306,e6d5a353-1ae9-4075-8a39-acdd20a03d4c,6bf701e4-6d6c-499b-b589-b298f3bb600b,BXP,Analyst,2026-06-01,,True,Los Angeles,MA,Post-program placement into Real Estate Development (seed).,clay,,,2026-01-30 17:53:58.679054
570f3e85-77ed-4cc7-b010-3b5e7c39245c,1976729b-93f8-4a58-8e52-8fd40355476a,cc4134d2-ee8f-4deb-9020-be0458256f7d,Hines Interests,Analyst,2026-06-01,,True,Los Angeles,NY,Post-program placement into Real Estate Development (seed).,clay,,,2026-01-30 17:53:58.679054
ea29a5f5-91b5-4b47-9e1e-1180ac5b7a7f,403433af-8fc1-403a-9934-4a04a33408de,97c8399b-4aaa-4239-a55e-75f7d010a9e9,Greystar,Analyst,2026-06-01,,True,Los Angeles,MA,Post-program placement into Real Estate Development (seed).,clay,,,2026-01-30 17:53:58.679054
fff49aea-9fdf-4915-a4f7-2bb87e53a610,3aab167f-5f51-475d-a2cb-8c00b503d4c7,a80a12cb-ec88-4436-96af-5dc1c69f2223,Related,Development Analyst,2026-06-01,,True,Los Angeles,CA,Post-program placement into Real Estate Development (seed).,clay,,,2026-01-30 17:53:58.679054
0fbd4c3a-15e6-4181-a53e-a4b1286bff60,9ff27dae-b97e-4547-bc39-faae532afa60,cc4134d2-ee8f-4deb-9020-be0458256f7d,Hines Interests,Development Analyst,2026-06-01,,True,Boston,CA,Post-program placement into Real Estate Development (seed).,clay,,,2026-01-30 17:53:58.679054
d94c4ab8-18b5-4b35-96a7-46724e8f62e3,014ecaac-9c37-4a09-9142-607d34ee0efc,97c8399b-4aaa-4239-a55e-75f7d010a9e9,Greystar,Development Analyst,2026-06-01,,True,Los Angeles,NY,Post-program placement into Real Estate Development (seed).,clay,,,2026-01-30 17:53:58.679054
920b8c3c-47b0-4597-989f-7c11cfb2fe35,7995fdb6-0770-40e7-a0d2-f7c813cceef2,97c8399b-4aaa-4239-a55e-75f7d010a9e9,Greystar,Development Analyst,2026-06-01,,True,Los Angeles,MA,Post-program placement into Real Estate Development (seed).,clay,,,2026-01-30 17:53:58.679054
2e9fb24d-4699-42de-9b1f-cd92afcc263f,8155e4fe-b273-48a1-bf52-56ab91bbf1a4,a80a12cb-ec88-4436-96af-5dc1c69f2223,Related Co.,Development Analyst,2026-06-01,,True,Los Angeles,MA,Post-program placement into Real Estate Development (seed).,clay,,,2026-01-30 17:53:58.679054
06dae8b8-f255-42e5-8e0f-87bebdbfd279,b0bf5d02-40c2-4d38-861d-7c0248657564,97c8399b-4aaa-4239-a55e-75f7d010a9e9,Greystar,Analyst,2026-06-01,,True,New York,CA,Post-program placement into Real Estate Development (seed).,clay,,,2026-01-30 17:53:58.679054
8cb088e8-a78b-4cd3-8043-0889006e9a86,1c713a23-c8d2-4305-91f7-27264ead3fa7,97c8399b-4aaa-4239-a55e-75f7d010a9e9,Greystar,Analyst,2026-06-01,,True,Boston,CA,Post-program placement into Real Estate Development (seed).,clay,,,2026-01-30 17:53:58.679054
33d4337f-3da3-48e7-b6a9-524c3d705163,c757ce42-d236-4152-856c-99b5aa029298,a80a12cb-ec88-4436-96af-5dc1c69f2223,Related Co.,Real Estate Analyst,2026-06-01,,True,New York,CA,Post-program placement into Real Estate Development (seed).,clay,,,2026-01-30 17:53:58.679054
d1c887d5-a2ea-4889-b221-b3352afbe57f,25ffe397-b916-46b7-94ea-a371dc61e0a0,cc4134d2-ee8f-4deb-9020-be0458256f7d,Hines,Development Analyst,2026-06-01,,True,Boston,MA,Post-program placement into Real Estate Development (seed).,clay,,,2026-01-30 17:53:58.679054
6e3e9b8e-f58c-4396-b602-fd388975c05f,6e4ae084-53a5-4a5f-a9dd-a752b1788ed9,a80a12cb-ec88-4436-96af-5dc1c69f2223,Related,Development Analyst,2026-06-01,,True,Boston,NY,Post-program placement into Real Estate Development (seed).,clay,,,2026-01-30 17:53:58.679054
22f6e87d-173e-4ab0-a211-6ffdb0f37641,d7388c6a-adb5-441e-adba-5e2b02e9b047,6bf701e4-6d6c-499b-b589-b298f3bb600b,BXP,Development Analyst,2026-06-01,,True,New York,CA,Post-program placement into Real Estate Development (seed).,clay,,,2026-01-30 17:53:58.679054
7101155d-658f-485b-b6eb-f8b592206032,192b263b-d5a9-49ba-bb4f-d762e4185f9f,97c8399b-4aaa-4239-a55e-75f7d010a9e9,Greystar,Real Estate Analyst,2026-06-01,,True,Boston,MA,Post-program placement into Real Estate Development (seed).,clay,,,2026-01-30 17:53:58.679054
4fe1406c-c35d-4497-8328-844ca6a035da,82d47b20-86fc-4fa1-a70e-58a78ea3e15e,d8deea59-a81a-4ab3-a8e4-c0246d1082c4,Deloitte,Associate,2022-06-14,2024-06-20,False,Port Annaland,MO,Hotel oil type case certainly authority offer president us management term pressure season thing.,clay,,,2026-01-30 17:53:58.679054
cbe113c2-aaaa-40f1-b654-a04d5e07a4b9,93f1bfcf-6988-42fb-9781-686fe8019e88,6bf701e4-6d6c-499b-b589-b298f3bb600b,Boston Props,Analyst,2025-01-05,2025-07-14,False,Douglasview,OR,Speech entire agency someone happy great customer dinner set make city peace board very strong.,clay,,,2026-01-30 17:53:58.679054
c200cde9-4c0e-40c2-9624-bff416894523,f602fc07-cbe8-461e-b54b-c779c701f8a8,a80a12cb-ec88-4436-96af-5dc1c69f2223,Related Co.,Coordinator,2023-09-04,2025-11-08,False,Johnsonshire,MH,Western notice kid join become me new individual use middle until network can.,clay,,,2026-01-30 17:53:58.679054
8c7a5fa9-46e5-4f05-91fa-dd06c2b5345f,19c12d2b-0ca4-43b3-8bf8-332205f4ee79,97c8399b-4aaa-4239-a55e-75f7d010a9e9,Greystar,Associate,2024-08-01,,True,Ashleyside,DE,Once describe attorney team blood another structure four contain least call.,clay,,,2026-01-30 17:53:58.679054
b116f0a5-9239-42ef-b0f4-71e7bf478501,aa700485-6696-4d2b-9dcd-07ececbbfb0a,cc4134d2-ee8f-4deb-9020-be0458256f7d,Hines,Analyst,2022-03-07,2023-07-09,False,Hillberg,VA,Beyond help rise game attorney record always Republican protect growth home half.,clay,,,2026-01-30 17:53:58.679054
6cbe84ac-f033-42d0-a7b8-9e818dfcae4b,31f7ffa8-273d-4f7b-89f4-0d93249df9ec,cc4134d2-ee8f-4deb-9020-be0458256f7d,Hines,Analyst,2022-07-26,2023-12-25,False,East Patrickfort,UT,Power region for general drop magazine can itself want responsibility mission material remember.,clay,,,2026-01-30 17:53:58.679054
959c9d8a-e100-48d9-8bcb-34c64f3add78,23193815-b6a8-48d7-bde6-d6ca79887312,a80a12cb-ec88-4436-96af-5dc1c69f2223,Related Companies,Intern,2024-04-03,2025-12-06,False,Pattersonmouth,PW,Option adult quite yet break care more reflect play significant politics mission assume activity.,clay,,,2026-01-30 17:53:58.679054
b590ed17-1561-4329-9743-63229dd1b044,ce900e88-2801-43c6-be9c-a6aa2ab6cf1e,bfbbc659-3069-4fea-81b0-958e330d3902,Blackstone Group,Associate,2023-08-16,,True,Peterland,AZ,Carry teacher available beyond possible politics manage red away per boy expert sit.,clay,,,2026-01-30 17:53:58.679054
78bade40-940d-4bf6-aef4-96c2993c8b0b,6c5c8bef-cd71-4f96-9b1d-3cd2aa5d1ec3,7b01b6e6-9f14-4b5f-b2c6-44a3804804d1,CBRE Group,Coordinator,2022-10-21,2024-06-05,False,South Christopher,PR,These sound each care ahead reflect seek than financial attack believe television which defense budget start of from thought.,clay,,,2026-01-30 17:53:58.679054
9b18cdf5-b72e-448e-9a30-c43c1c5511e8,b298d036-86e3-46c9-ae16-b6ce9a474727,7b01b6e6-9f14-4b5f-b2c6-44a3804804d1,CBRE Group,Coordinator,2022-05-05,2024-02-29,False,North Raymondfurt,WA,Line claim design hold attorney wall game true cell future check type chair office question right good ten.,clay,,,2026-01-30 17:53:58.679054
df17d95d-d958-4043-86d1-6b4148153a51,7c2f6d3e-9804-488e-85f1-2813aab7dce3,62faec6a-ee7a-4766-a35e-7bdf04448bc0,Goldman Sachs Group,Associate,2022-04-07,2024-03-25,False,East Katiehaven,RI,Eight treatment property participant sit high fight behavior time between.,clay,,,2026-01-30 17:53:58.679054
df170194-fb60-4fb4-aa69-c3f5b5a9adbc,47a1c989-0e39-4327-928e-e9195fb18138,d8deea59-a81a-4ab3-a8e4-c0246d1082c4,Deloitte LLP,Analyst,2024-04-16,,True,Micheleborough,IA,Personal attack scene indicate PM common game name age research seek face team share assume tend.,clay,,,2026-01-30 17:53:58.679054
755b2195-a848-4730-ab53-fbbdca2cfe2b,71ddcc28-c32a-4e93-bfb6-f8dbded2617c,bfbbc659-3069-4fea-81b0-958e330d3902,Blackstone,Associate,2024-08-27,,True,South Richardstad,TX,Idea sport article he adult free analysis near station from.,clay,,,2026-01-30 17:53:58.679054
5ecacd86-8e87-4aa5-a057-3f6f6eccc737,76da8ad1-42eb-4d96-a8c4-0dd148d41a0a,6bf701e4-6d6c-499b-b589-b298f3bb600b,BXP,Coordinator,2024-08-06,2026-05-03,False,Jeremiahside,DC,Herself lay trade traditional thing exist though less nothing significant modern care computer we factor tax four.,clay,,,2026-01-30 17:53:58.679054
934a15da-e15f-4e96-9d47-3b0e81c02b09,7c2f6d3e-9804-488e-85f1-2813aab7dce3,bfbbc659-3069-4fea-81b0-958e330d3902,Blackstone,Associate,2022-10-02,2023-08-19,False,New Ericchester,TX,Outside learn test degree federal among scene bank no air hope newspaper.,clay,,,2026-01-30 17:53:58.679054
58e066d7-19ae-4d06-9739-e94354d865f5,48a2f847-65d5-4da2-b544-9d5c9be87af3,cc4134d2-ee8f-4deb-9020-be0458256f7d,Hines Interests,Intern,2024-07-10,2024-12-11,False,Nelsonland,CT,Range start learn end prove director much up result great step.,clay,,,2026-01-30 17:53:58.679054
7a93c8e4-080b-4754-807c-eeebbb97723a,976d6cd8-02ef-463a-a23d-703efcd0ed49,d8deea59-a81a-4ab3-a8e4-c0246d1082c4,Deloitte,Analyst,2025-10-11,2026-01-19,False,West Jeffreyville,ID,According response cost great fast control shake west reflect continue outside statement theory hand lay nice goal commercial teach.,clay,,,2026-01-30 17:53:58.679054
206ce1cd-e5ed-499c-baae-e4421a129072,dc9d7c25-e7a4-4f1d-8d1d-8169b0d0873a,bfbbc659-3069-4fea-81b0-958e330d3902,Blackstone Group,Intern,2023-03-21,2024-04-24,False,Kathyburgh,DC,Brother nothing hospital three help minute several politics require without my great play increase.,clay,,,2026-01-30 17:53:58.679054
b4cd2c05-a839-488d-9a05-d21a84fc91c4,765d8fcc-e235-473c-9214-d1a55b7971b7,97c8399b-4aaa-4239-a55e-75f7d010a9e9,Greystar,Coordinator,2022-08-29,2024-12-08,False,Gonzalezshire,NM,Language lot decision lawyer culture before serious begin wind agent cost top material.,clay,,,2026-01-30 17:53:58.679054
55a4719c-69a4-430b-944b-e173b28bf9c9,665274a9-147c-4a4c-bdba-c30f93319400,97c8399b-4aaa-4239-a55e-75f7d010a9e9,Greystar,Associate,2024-03-23,2025-12-08,False,Gutierrezton,WI,Would environmental cup by treatment lead any here career security federal he.,clay,,,2026-01-30 17:53:58.679054
cfd4fe02-15f3-4afc-9561-b120f3a121f9,ffa461a3-8414-4edd-a2a9-4af344521e84,7b01b6e6-9f14-4b5f-b2c6-44a3804804d1,CBRE Inc,Associate,2024-02-19,2026-02-12,False,Jorgeburgh,NC,Each current create during mean against adult prepare around game soldier close.,clay,,,2026-01-30 17:53:58.679054
6ccffe81-2fa5-4ac4-bc32-ffb3ec5e0088,de693cf6-863d-4755-a886-c7eef0493ba9,55ffd272-e2a3-4778-abcf-a26764ad3988,JLL,Coordinator,2024-11-16,2026-05-07,False,Crystalhaven,AS,Wrong them task police four bar six talk oil language walk arrive about face evening ten take.,clay,,,2026-01-30 17:53:58.679054
76d20e04-4800-49c1-afcc-a5de4bdf19bf,dc9d7c25-e7a4-4f1d-8d1d-8169b0d0873a,55ffd272-e2a3-4778-abcf-a26764ad3988,JLL,Analyst,2023-02-21,2024-06-18,False,Lawsontown,ID,Toward claim throughout receive model site share treat politics pressure serve term decade way Mrs include stock discover.,clay,,,2026-01-30 17:53:58.679054
4f032071-959c-4d80-9f4a-f9fa0d238488,23193815-b6a8-48d7-bde6-d6ca79887312,6bf701e4-6d6c-499b-b589-b298f3bb600b,Boston Props,Coordinator,2022-02-03,,True,Williamfort,OK,Each base station environmental marriage argue idea ask article keep all thank.,clay,,,2026-01-30 17:53:58.679054
4892eef8-18d9-4458-9da8-abb437d60b93,bd3c900d-5e90-4b16-90c9-77d35e523ba9,6bf701e4-6d6c-499b-b589-b298f3bb600b,BXP,Analyst,2023-02-06,,True,New Evelyn,AR,Develop maintain billion water subject rich color service.,clay,,,2026-01-30 17:53:58.679054
c1e39fb0-f582-4ef4-8bf3-4e78dcd84a6c,03381d2e-3707-4a8f-9ba0-01ad001d9a3f,bfbbc659-3069-4fea-81b0-958e330d3902,Blackstone Group,Coordinator,2025-09-02,2026-10-12,False,Penningtonchester,ND,Act cost scene time hand board capital it we top power interesting.,clay,,,2026-01-30 17:53:58.679054
86a6d03e-f7be-4c51-8707-baef826ccc86,7037fd4b-f7b3-49a4-92b4-5adf5b1e8465,62faec6a-ee7a-4766-a35e-7bdf04448bc0,Goldman Sachs Group,Analyst,2024-08-01,,True,North Richardfurt,PA,List claim soldier region feel once represent free pattern sit teacher everything child leave light.,clay,,,2026-01-30 17:53:58.679054
2b817bf5-0024-45ac-8025-b7e7fc87a9b3,ce900e88-2801-43c6-be9c-a6aa2ab6cf1e,bfbbc659-3069-4fea-81b0-958e330d3902,Blackstone,Intern,2024-09-27,,True,Jordanfurt,KY,Yourself whatever continue amount year only worry mention operation street seem fear determine very.,clay,,,2026-01-30 17:53:58.679054
dab6eb00-be6e-468d-8536-74382d6075f9,5fdd4c99-93cc-4204-bc12-c65ccc30627a,a80a12cb-ec88-4436-96af-5dc1c69f2223,Related Companies,Intern,2022-01-14,2023-12-20,False,East Wandaborough,NH,Meeting picture plan discuss outside north seem since finish yet traditional half before about.,clay,,,2026-01-30 17:53:58.679054
44f353c2-15a2-48c3-be6c-58b0e0b0c834,76da8ad1-42eb-4d96-a8c4-0dd148d41a0a,6bf701e4-6d6c-499b-b589-b298f3bb600b,BXP,Associate,2022-01-19,,True,North Jeffreystad,WV,Home lay law green system cover son list board sister military other.,clay,,,2026-01-30 17:53:58.679054
70931ec5-4254-4466-a1cb-439d3342b95a,25f9e8f7-e5c8-4d4f-ba34-58009c8421a3,62faec6a-ee7a-4766-a35e-7bdf04448bc0,Goldman Sachs Group,Intern,2025-09-12,2025-11-17,False,Port Keithville,NY,While later let effort price responsibility want likely mother.,clay,,,2026-01-30 17:53:58.679054
2a723a8b-235b-412a-bb0d-ae66c238ab02,ae67cde3-7526-476b-bd4c-46ed90a767d7,bfbbc659-3069-4fea-81b0-958e330d3902,Blackstone,Coordinator,2023-07-17,2024-07-04,False,South Michele,CT,Ok then return pass need defense shoulder hold life change manager born wall board mention society see market.,clay,,,2026-01-30 17:53:58.679054
2aee86a5-e5d3-4076-a938-90a863cdd83c,8016c9ff-2346-424a-931b-4cb2d2f52904,cc4134d2-ee8f-4deb-9020-be0458256f7d,Hines Interests,Associate,2022-07-17,2023-05-19,False,Carrmouth,NH,Begin evidence ground easy event herself fight compare increase ball someone toward hundred success.,clay,,,2026-01-30 17:53:58.679054
70e21629-30af-455a-ab8b-1973b89ca1ae,487f6a0d-e59f-4193-ab11-b96113d79df9,7b01b6e6-9f14-4b5f-b2c6-44a3804804d1,C.B.R.E.,Coordinator,2024-03-23,,True,Port Williamtown,IN,Individual painting it actually action eye play population material example if exist.,clay,,,2026-01-30 17:53:58.679054
8006488d-16ce-414f-835e-5daf2376d827,a35b344f-95aa-416c-8a76-4dafe6a05ffb,97c8399b-4aaa-4239-a55e-75f7d010a9e9,Greystar,Intern,2025-11-28,,True,Matthewsstad,CA,He ask necessary image catch they teach prevent reflect.,clay,,,2026-01-30 17:53:58.679054
adc886e1-c5b3-4432-93ab-ba28ee3b9683,1ef0ac13-8af1-4677-bc30-6d0ca191a9ef,a80a12cb-ec88-4436-96af-5dc1c69f2223,Related Co.,Intern,2022-07-11,2023-09-30,False,New Vincentside,CT,Better attack rule why may affect her place resource want sign.,clay,,,2026-01-30 17:53:58.679054
c1f98cda-00ff-414c-b898-87d3a1132209,2b0f66c3-ed3f-4a4e-ae62-d6bd10de629e,a80a12cb-ec88-4436-96af-5dc1c69f2223,Related Co.,Coordinator,2025-12-10,,True,North Francisco,NJ,Different better buy improve do court break Congress rock put between plant cut although poor six.,clay,,,2026-01-30 17:53:58.679054
3482790d-8b77-4b4a-bf3b-e58e4be2ff59,48a2f847-65d5-4da2-b544-9d5c9be87af3,55ffd272-e2a3-4778-abcf-a26764ad3988,JLL (US),Intern,2025-03-04,2025-08-08,False,West Tammy,NH,Find table wrong until range left there authority magazine follow.,clay,,,2026-01-30 17:53:58.679054
9d4fdbab-ab31-4e20-8bd4-45f71d4ce69d,19c12d2b-0ca4-43b3-8bf8-332205f4ee79,97c8399b-4aaa-4239-a55e-75f7d010a9e9,Greystar,Associate,2025-11-18,2027-05-18,False,Floresberg,UT,Available address significant war attorney civil candidate spend establish seem pull out memory clear fact old plant.,clay,,,2026-01-30 17:53:58.679054
76853d8d-7b40-4504-9227-da2f8dac08c2,b0bf5d02-40c2-4d38-861d-7c0248657564,cc4134d2-ee8f-4deb-9020-be0458256f7d,Hines,Analyst,2025-11-02,2027-07-11,False,Lucasmouth,RI,Arrive beyond student garden life process husband scene many white laugh west white develop week help piece deal.,clay,,,2026-01-30 17:53:58.679054
4bdad4ad-daa8-46ab-9058-596fffab0edc,d5b5fa8d-4afb-4754-9827-8e842a7a8ab6,a80a12cb-ec88-4436-96af-5dc1c69f2223,Related Co.,Intern,2023-03-01,2025-06-08,False,Jennifershire,UT,Defense share military light speak different big sit see everyone language put.,clay,,,2026-01-30 17:53:58.679054
5e03f2b3-a28d-4746-a1d6-87e92a6d2469,b298d036-86e3-46c9-ae16-b6ce9a474727,6bf701e4-6d6c-499b-b589-b298f3bb600b,BXP,Associate,2025-02-28,,True,North Ashley,NM,Style better poor lead modern decide forward consumer record base team couple figure clear cultural machine.,clay,,,2026-01-30 17:53:58.679054
acea1453-4d5a-49bf-9c4f-2cf21bd1ec48,9ebd932e-c230-48cc-8072-bbf09ad944db,6bf701e4-6d6c-499b-b589-b298f3bb600b,Boston Props,Associate,2025-11-12,2027-06-07,False,Shieldsborough,WI,Force until there general pattern return energy dark night doctor suggest top mean success tonight relationship.,clay,,,2026-01-30 17:53:58.679054
e3856d84-2dc0-45e5-8b4f-25e119442c9f,b77e2006-2c34-4c3a-a1d6-779afd82c02e,cc4134d2-ee8f-4deb-9020-be0458256f7d,Hines,Associate,2024-06-14,,True,Williamsmouth,AR,Point training writer general source society start general various anything magazine serious.,clay,,,2026-01-30 17:53:58.679054
bcc12382-6d00-4975-b1e1-2fd6d616b7a2,756560f7-3780-4a21-8795-d560beb72cbc,d8deea59-a81a-4ab3-a8e4-c0246d1082c4,Deloitte LLP,Coordinator,2023-10-31,,True,Swansonfort,IA,Establish always hotel professor give general eye side current institution than.,clay,,,2026-01-30 17:53:58.679054
28df07ae-8861-4e86-be7a-d92ed2c148d3,92005158-9089-4958-9028-7b6139901b4b,97c8399b-4aaa-4239-a55e-75f7d010a9e9,Greystar,Coordinator,2023-12-30,2025-03-18,False,New William,IA,Manage lot ability since hot ask design until he company executive bring wall.,clay,,,2026-01-30 17:53:58.679054
7b2c6b1f-c1e4-44d4-9bdc-647ce35f9355,12f3e328-53be-4d67-867b-4ec6d914f4e9,d8deea59-a81a-4ab3-a8e4-c0246d1082c4,Deloitte,Intern,2022-06-25,2023-06-22,False,West Paulland,OR,Board own choose audience need his near some phone watch around action four concern myself surface cut these.,clay,,,2026-01-30 17:53:58.679054
62067273-8499-4a00-b73f-a4fa5579ff36,4a057dd7-4ec4-4bb3-a1e9-10bf453b171f,7b01b6e6-9f14-4b5f-b2c6-44a3804804d1,CBRE Group,Coordinator,2022-11-12,2025-03-23,False,East Nancyfurt,UT,Report week mention no health minute run over as standard bag man five blue.,clay,,,2026-01-30 17:53:58.679054
51f93d60-9bbd-4622-a097-ef5fa6f50048,1ef4b50a-834a-48f0-946f-2767d8bb3e75,55ffd272-e2a3-4778-abcf-a26764ad3988,Jones Lang LaSalle Inc,Coordinator,2022-08-07,,True,Fergusonstad,OH,Own voice family glass deep friend another main hold somebody necessary resource because than in yard.,clay,,,2026-01-30 17:53:58.679054
f46be495-676a-402f-965d-a395f5c3c479,4ac3f769-7154-4920-9f34-f4ddd1f6e1b6,7b01b6e6-9f14-4b5f-b2c6-44a3804804d1,CBRE Group,Coordinator,2022-07-29,,True,West Jenniferborough,PA,Better I different work reach those hard serve mother.,clay,,,2026-01-30 17:53:58.679054
c80ddfff-0b6b-41a8-abb3-1b32f724c7b8,8489cd43-fa7e-4b9d-bff4-8760f863d209,bfbbc659-3069-4fea-81b0-958e330d3902,Blackstone,Intern,2025-02-10,2025-07-25,False,North Rebecca,DE,Note avoid cover feel most career argue well tax meeting responsibility physical.,clay,,,2026-01-30 17:53:58.679054
3f416923-2f90-4486-b99c-1cc7aa23f269,487f6a0d-e59f-4193-ab11-b96113d79df9,bfbbc659-3069-4fea-81b0-958e330d3902,Blackstone Group,Coordinator,2022-07-10,2024-11-19,False,Ramirezbury,AS,Responsibility stand cut compare say activity central enough manager respond life development rather.,clay,,,2026-01-30 17:53:58.679054
485d4540-bab1-4380-b5d3-f73a760a79bb,af35c024-eb3d-49c0-9b5e-23bb8419f8a8,7b01b6e6-9f14-4b5f-b2c6-44a3804804d1,"CBRE Group, Inc.",Analyst,2024-04-27,2024-09-20,False,North Brianland,MP,Send purpose but store around population measure example machine candidate claim business.,clay,,,2026-01-30 17:53:58.679054
5396538a-d2a6-436b-a3e5-201dab3e33f4,49d04dc7-1568-4647-9353-69706d11e4b6,bfbbc659-3069-4fea-81b0-958e330d3902,Blackstone,Associate,2022-12-14,2023-08-04,False,Hillmouth,VT,Middle yourself relationship still region security executive case foreign college past green.,clay,,,2026-01-30 17:53:58.679054
a9e28238-ebbd-4aec-93fe-4f3662b9d593,1c713a23-c8d2-4305-91f7-27264ead3fa7,7b01b6e6-9f14-4b5f-b2c6-44a3804804d1,CBRE Group,Coordinator,2024-10-06,,True,North Richardhaven,NV,End now professor everybody indicate crime woman major thought.,clay,,,2026-01-30 17:53:58.679054
2ea48397-1a38-4188-a03a-10043c9faaa9,2c150696-be1c-409f-86ca-231b31ae3fad,d8deea59-a81a-4ab3-a8e4-c0246d1082c4,Deloitte LLP,Associate,2023-09-06,2024-01-22,False,Gonzalezstad,NH,Store hundred open difficult consider us two specific last meeting foreign service cold generation way human.,clay,,,2026-01-30 17:53:58.679054
21477718-eb5a-4c2c-8589-8095ec327c3a,0649189c-add8-4e8b-a963-d8945d8a3889,62faec6a-ee7a-4766-a35e-7bdf04448bc0,Goldman Sachs,Analyst,2025-05-01,2026-10-11,False,South Michael,SD,Evidence wait imagine big effort arm recognize threat care quickly instead population simple owner a.,clay,,,2026-01-30 17:53:58.679054
dd722b66-7577-497c-aa01-b54ba32766c7,1c713a23-c8d2-4305-91f7-27264ead3fa7,a80a12cb-ec88-4436-96af-5dc1c69f2223,Related Co.,Associate,2024-03-21,,True,Allenside,MS,Employee social give decide opportunity few interest behavior baby staff key country election assume.,clay,,,2026-01-30 17:53:58.679054
067784fb-bf18-4a40-b984-a53115e5882e,3099b40e-af16-423a-b5c8-3d8c100b4a5f,55ffd272-e2a3-4778-abcf-a26764ad3988,JLL (US),Analyst,2024-05-31,2026-05-27,False,Carrstad,MT,Person after job yeah happen start per lose process issue wonder physical.,clay,,,2026-01-30 17:53:58.679054
4d45d694-fbc6-40f2-a0e6-27acab5947d8,b298d036-86e3-46c9-ae16-b6ce9a474727,55ffd272-e2a3-4778-abcf-a26764ad3988,J.L.L.,Associate,2025-05-20,2026-02-09,False,Heatherside,CA,Feel audience price early say whom society sell generation hear cultural tax today a pattern physical whatever yard small.,clay,,,2026-01-30 17:53:58.679054
755a2f66-1068-4f21-a255-a8df446fc2ff,8016c9ff-2346-424a-931b-4cb2d2f52904,d8deea59-a81a-4ab3-a8e4-c0246d1082c4,Deloitte LLP,Analyst,2023-10-16,,True,Port Johnmouth,OK,Tough recognize heart million others management collection generation poor structure determine yet health list just physical daughter police situation.,clay,,,2026-01-30 17:53:58.679054
29fd2c40-0b72-4c9c-8a5f-4c0ceed2f6d6,5fcb114a-347e-41ab-97f3-65ff035641b0,d8deea59-a81a-4ab3-a8e4-c0246d1082c4,Deloitte LLP,Intern,2023-07-29,2024-11-02,False,Susantown,AZ,Term rich safe simply station half across where brother arm somebody some when democratic style dog over serve.,clay,,,2026-01-30 17:53:58.679054
8a5a85fe-ea40-4fd5-a76c-b8c3ae990a4d,a35b344f-95aa-416c-8a76-4dafe6a05ffb,97c8399b-4aaa-4239-a55e-75f7d010a9e9,Greystar,Intern,2025-04-27,2025-12-27,False,South Teresa,CO,Thus although about citizen democratic child eat memory start sell step off attack stock.,clay,,,2026-01-30 17:53:58.679054
41cb7a9a-b616-41a0-b664-26bdce428636,87ee7952-dd05-40ca-ba59-4f0e7c55901b,62faec6a-ee7a-4766-a35e-7bdf04448bc0,Goldman Sachs Group,Intern,2025-12-21,,True,Williamland,OR,Develop couple no owner figure condition rule picture space south camera risk.,clay,,,2026-01-30 17:53:58.679054
e9874347-a30d-4872-8b11-2f6b416eeba9,db78308c-7798-447a-a729-5b84b3eb9d5e,62faec6a-ee7a-4766-a35e-7bdf04448bc0,Goldman Sachs Group,Analyst,2022-10-13,2023-08-16,False,South Christophertown,KS,Maintain four activity hope painting leader magazine central professional age any central themselves.,clay,,,2026-01-30 17:53:58.679054
932679e0-aa4d-41bf-b6a3-321f9f58eccc,d34925f8-4b9d-4a66-a796-420ec6cd16fd,d8deea59-a81a-4ab3-a8e4-c0246d1082c4,Deloitte LLP,Coordinator,2024-02-12,,True,Atkinsborough,OK,Language Democrat often audience authority woman network recently make create leave yet appear.,clay,,,2026-01-30 17:53:58.679054
7d4c6ba4-7e3b-489a-b0ba-dcc0ec6a1f52,43308348-5239-4723-b788-aec45e0af5d2,bfbbc659-3069-4fea-81b0-958e330d3902,Blackstone Group,Intern,2025-11-17,2026-02-22,False,New Jacobchester,RI,Left last manage have recently practice nature own step fly full magazine effect yeah who dark baby future dinner.,clay,,,2026-01-30 17:53:58.679054
9b38f43c-9919-4cd6-9048-a110f8ea37d2,6fc2b5ac-6680-4f24-a36a-c0dd3edfc94e,97c8399b-4aaa-4239-a55e-75f7d010a9e9,Greystar,Intern,2025-09-08,2026-04-26,False,Lake Jennifer,TX,About everything push young plant talk green stay imagine under manage hotel learn main surface laugh wide modern.,clay,,,2026-01-30 17:53:58.679054
8270c1dc-0503-4ff4-a9d8-933a8096f9c3,a35b344f-95aa-416c-8a76-4dafe6a05ffb,d8deea59-a81a-4ab3-a8e4-c0246d1082c4,Deloitte,Intern,2023-11-11,2025-03-25,False,Port Charles,OR,Policy nation TV white large job authority weight his issue family rock eat yourself war relationship cell possible.,clay,,,2026-01-30 17:53:58.679054
7a69f76f-7fdc-48d6-8a8e-cdd8d91556c7,2707b3af-5257-4c77-b6f3-3a0f0d196456,7b01b6e6-9f14-4b5f-b2c6-44a3804804d1,"CBRE Group, Inc.",Analyst,2023-03-31,2024-11-11,False,Russellfurt,NC,Success woman itself lose clearly run fly whole section more.,clay,,,2026-01-30 17:53:58.679054
0a714c5d-6056-4daf-ab35-fb3f48e0c064,8489cd43-fa7e-4b9d-bff4-8760f863d209,55ffd272-e2a3-4778-abcf-a26764ad3988,JLL (US),Analyst,2024-03-12,2026-04-06,False,South Kristamouth,FL,To political different piece himself win employee source parent building.,clay,,,2026-01-30 17:53:58.679054
12cd7cdc-b81c-4712-9862-3350f0863fe0,d4c02595-d83c-4328-80d2-54cfba279c2e,a80a12cb-ec88-4436-96af-5dc1c69f2223,Related Co.,Intern,2024-09-15,,True,Port Davidburgh,AS,Likely machine as race beautiful toward state discover method address agreement her show rest turn turn what suggest coach.,clay,,,2026-01-30 17:53:58.679054
ad839015-c143-4eb8-951e-a07b68947158,c84f96f2-7e76-4a3f-8d8e-8da423ed0561,6bf701e4-6d6c-499b-b589-b298f3bb600b,BXP,Analyst,2023-12-15,,True,Port Ashley,MA,Sea drive have base we decision upon ago last feeling else door real other wall.,clay,,,2026-01-30 17:53:58.679054
80c75e31-0bd7-45d7-a9cf-21053ca25db4,93391d7d-b4e6-4943-9990-6cb144a1b601,62faec6a-ee7a-4766-a35e-7bdf04448bc0,Goldman Sachs Group,Associate,2023-12-15,2025-05-06,False,North Lukechester,CT,Door movement then page skill use money land daughter eye.,clay,,,2026-01-30 17:53:58.679054
f709cf42-e87d-40a5-a252-23530693e309,abf62a76-cd68-49e2-bd2b-511a7bff7238,7b01b6e6-9f14-4b5f-b2c6-44a3804804d1,CBRE,Associate,2022-04-02,2022-09-26,False,Leebury,PW,Scene play over technology challenge firm take foot remain onto character compare improve thought game international man.,clay,,,2026-01-30 17:53:58.679054
7bb75a2c-4e4c-421c-b9c2-912792d24bd2,48a2f847-65d5-4da2-b544-9d5c9be87af3,cc4134d2-ee8f-4deb-9020-be0458256f7d,Hines Interests,Analyst,2025-10-18,2028-01-14,False,South Joseph,MT,Close director cause night second father serve least enjoy return so can treatment.,clay,,,2026-01-30 17:53:58.679054
259764bf-77e8-4a40-9454-7f431edc5620,6dc42d8e-bd77-45a6-ae25-52257abb0ee7,6bf701e4-6d6c-499b-b589-b298f3bb600b,Boston Properties,Coordinator,2023-11-09,2025-04-25,False,New Christyfort,MO,Mr reflect these artist eight part PM better arm your oil really policy.,clay,,,2026-01-30 17:53:58.679054
27e034f6-663f-43e6-a309-9060a198e19d,2862876b-def5-44f0-97cf-5b67f9fa7fe1,6bf701e4-6d6c-499b-b589-b298f3bb600b,BXP,Intern,2023-01-17,2024-06-02,False,Jillside,AS,Success thus those too across sister person protect among task wait week tell help main key hospital.,clay,,,2026-01-30 17:53:58.679054
c4252eb8-79ee-4677-b4da-1ea514f37a8c,0ffb1169-3bb4-449a-b48a-ffc601de6dea,97c8399b-4aaa-4239-a55e-75f7d010a9e9,Greystar,Intern,2024-07-09,2025-10-10,False,New Pamela,KY,Thought idea yes start herself his glass generation vote its also manage product since important.,clay,,,2026-01-30 17:53:58.679054
2b2efc0a-79ba-4d01-ac9a-dd90abf4edba,d7388c6a-adb5-441e-adba-5e2b02e9b047,97c8399b-4aaa-4239-a55e-75f7d010a9e9,Greystar,Intern,2023-02-26,,True,Kimberlyport,ND,Leader suddenly design cup line rule stage road yard itself shake century protect.,clay,,,2026-01-30 17:53:58.679054
32d59abc-c2ef-4c29-9bf8-1f43d4ca34f8,20c757fa-bdba-4343-9fb7-a93f84881970,cc4134d2-ee8f-4deb-9020-be0458256f7d,Hines Real Estate,Analyst,2025-01-04,,True,New Allisonborough,SC,Officer general least long western former particular maybe sort decision state smile try.,clay,,,2026-01-30 17:53:58.679054
b6b1dfbb-3cdf-42b1-a1ad-c28804234ebd,5f25ca1f-626d-4bf1-88b2-b683d12d22d0,cc4134d2-ee8f-4deb-9020-be0458256f7d,Hines Real Estate,Coordinator,2023-06-22,2025-01-03,False,Port Chad,FL,Really century purpose human discussion walk three short something material investment generation state general argue five scientist parent.,clay,,,2026-01-30 17:53:58.679054
01472362-3332-4ea8-aa0f-9132235a7600,5812d7af-6740-4ef8-8b20-e5973e3b007e,d8deea59-a81a-4ab3-a8e4-c0246d1082c4,Deloitte LLP,Coordinator,2025-04-17,,True,Angelaborough,VT,However bring amount particularly strategy husband already would end you minute there unit night mission positive community.,clay,,,2026-01-30 17:53:58.679054
c8c4610a-ec05-47d9-a33c-35df3780ccb4,3aab167f-5f51-475d-a2cb-8c00b503d4c7,6bf701e4-6d6c-499b-b589-b298f3bb600b,Boston Props,Intern,2025-10-11,2026-10-10,False,Port Matthewview,AK,Special special teacher any owner gas stock institution church rise activity TV attorney will.,clay,,,2026-01-30 17:53:58.679054
8220590c-9a29-48f4-9937-c55affa00163,6e4ae084-53a5-4a5f-a9dd-a752b1788ed9,6bf701e4-6d6c-499b-b589-b298f3bb600b,BXP,Intern,2023-10-04,,True,Jefferyfurt,AK,Amount against industry defense southern difficult assume no this benefit produce follow difficult seven page year part hair.,clay,,,2026-01-30 17:53:58.679054
5379b8df-b55c-4eae-8f8a-a46c4330340a,7bf2e326-8cfb-4c5a-b008-ecdb25fc43a8,55ffd272-e2a3-4778-abcf-a26764ad3988,J.L.L.,Coordinator,2025-11-21,,True,South Taylorshire,AL,Pick pull coach hit unit provide wrong politics thousand weight source major beautiful learn ask low bit player.,clay,,,2026-01-30 17:53:58.679054
ab4405f0-362a-4779-870c-9c157b6bdac7,3c532c5d-fc38-4a7f-9dfd-f0fbdbbfef60,6bf701e4-6d6c-499b-b589-b298f3bb600b,BXP,Analyst,2025-03-23,2025-11-28,False,Turnerchester,MO,Just try thank every interesting age that above.,clay,,,2026-01-30 17:53:58.679054
49aa305d-26b9-49e8-a14d-f60e56b5034f,7c2f6d3e-9804-488e-85f1-2813aab7dce3,6bf701e4-6d6c-499b-b589-b298f3bb600b,Boston Properties,Associate,2024-09-29,,True,Lake Anthonyfort,SC,Discover think artist foot indicate prepare oil plan him.,clay,,,2026-01-30 17:53:58.679054
f3e24f41-d7b9-4404-b298-e3cb1fe66868,bc25ce1c-7ed9-4eb4-9d7e-4e81313a7249,a80a12cb-ec88-4436-96af-5dc1c69f2223,Related Companies,Analyst,2024-01-06,2025-07-15,False,South Markchester,OK,Friend candidate compare ball design choice style push then past season PM American investment entire.,clay,,,2026-01-30 17:53:58.679054
83bae32e-9b90-4ccd-b2cb-c31023147a5b,9ebd932e-c230-48cc-8072-bbf09ad944db,bfbbc659-3069-4fea-81b0-958e330d3902,Blackstone Group,Coordinator,2024-11-01,2026-02-22,False,South Sheilaville,FM,Car stay possible price industry consider there professor feeling guess could affect.,clay,,,2026-01-30 17:53:58.679054
6f74dc41-b62a-4265-9e60-a14ba8bf05da,76da8ad1-42eb-4d96-a8c4-0dd148d41a0a,62faec6a-ee7a-4766-a35e-7bdf04448bc0,Goldman Sachs,Analyst,2024-09-27,,True,South Blakestad,CA,Since place officer decision letter do woman rate condition can be.,clay,,,2026-01-30 17:53:58.679054
9ab5daa7-44ae-418f-b050-9d9702fa7512,345b6e97-445f-4df2-bc44-ee18574a08f4,a80a12cb-ec88-4436-96af-5dc1c69f2223,The Related Companies,Analyst,2023-07-17,,True,North Jody,FL,Should clear everybody who sometimes speak example require.,clay,,,2026-01-30 17:53:58.679054
28041468-b64b-4c03-9c1e-795ddc25d82d,dea17abc-5b5d-4ab5-ac25-097f92dd0b9b,62faec6a-ee7a-4766-a35e-7bdf04448bc0,Goldman Sachs Group,Intern,2025-03-04,2027-06-26,False,Bartonview,DE,Sure marriage baby purpose skill administration sport role loss.,clay,,,2026-01-30 17:53:58.679054
e5f84a19-d75b-45b7-9036-bdac26bc4da9,49d04dc7-1568-4647-9353-69706d11e4b6,cc4134d2-ee8f-4deb-9020-be0458256f7d,Hines,Coordinator,2023-07-03,2024-09-10,False,Stoneshire,AL,Thought skill always goal according article position million rest tax black wait.,clay,,,2026-01-30 17:53:58.679054
d4d2e67b-62d3-4496-b171-adc66a90fa6f,20c97eb5-ae33-4405-b076-70db90dd67ce,97c8399b-4aaa-4239-a55e-75f7d010a9e9,Greystar,Analyst,2024-05-20,,True,Lorettaside,NV,Determine power chair data everyone structure door morning.,clay,,,2026-01-30 17:53:58.679054
34a343cc-0573-49a2-820f-5cb7c96d10b6,b298d036-86e3-46c9-ae16-b6ce9a474727,a80a12cb-ec88-4436-96af-5dc1c69f2223,Related,Coordinator,2024-07-10,,True,Lake Jessicahaven,MA,Kitchen direction voice a meet produce house memory director own federal player others hit employee product vote once.,clay,,,2026-01-30 17:53:58.679054
afd63968-36d5-4963-b3be-38ebcb5fe38a,93f1bfcf-6988-42fb-9781-686fe8019e88,97c8399b-4aaa-4239-a55e-75f7d010a9e9,Greystar,Associate,2023-03-06,2024-12-27,False,Shelbybury,VA,Door box simple leg plant minute week in only.,clay,,,2026-01-30 17:53:58.679054
8dd12094-d426-4660-8a01-110c440cadf5,76da8ad1-42eb-4d96-a8c4-0dd148d41a0a,d8deea59-a81a-4ab3-a8e4-c0246d1082c4,Deloitte,Analyst,2022-12-06,2025-04-17,False,Port Justin,MO,Trial school leave style performance skin always although show threat should reason mission do opportunity might charge.,clay,,,2026-01-30 17:53:58.679054
18cd981c-d5a1-48f6-bee3-18f927d7b864,25f9e8f7-e5c8-4d4f-ba34-58009c8421a3,55ffd272-e2a3-4778-abcf-a26764ad3988,JLL (US),Analyst,2024-12-26,,True,Walshfort,CT,Rise yes last large produce necessary name east meeting fall involve thus.,clay,,,2026-01-30 17:53:58.679054
4ad59a40-d8d7-4a5d-86ac-be028aab79f1,5b33326d-05f1-49b9-895b-ab94d27de033,7b01b6e6-9f14-4b5f-b2c6-44a3804804d1,CBRE,Analyst,2023-08-16,2025-03-24,False,Lake Kyle,CT,Establish south budget easy wall camera general fight dark anyone blood western security buy.,clay,,,2026-01-30 17:53:58.679054
398bfd80-7266-4ecd-af7a-4c74112de4ae,791cd594-aba2-4ac4-b454-2af562284e15,d8deea59-a81a-4ab3-a8e4-c0246d1082c4,Deloitte,Analyst,2022-05-02,2024-05-02,False,Hayesport,IL,Bit difference trial activity we buy clear hit his blue.,clay,,,2026-01-30 17:53:58.679054
ffb66b51-2438-4eab-845f-2fac550c2b29,0649189c-add8-4e8b-a963-d8945d8a3889,6bf701e4-6d6c-499b-b589-b298f3bb600b,Boston Properties,Coordinator,2025-12-27,,True,Kellyville,MS,Food use begin take instead story into walk market sit.,clay,,,2026-01-30 17:53:58.679054
2838ca6f-57df-4218-8d5a-1748082f2013,92005158-9089-4958-9028-7b6139901b4b,6bf701e4-6d6c-499b-b589-b298f3bb600b,BXP,Coordinator,2025-03-28,2027-02-28,False,New Jeremy,CO,Involve half environment since tonight management me model quality second walk nature employee pull decide.,clay,,,2026-01-30 17:53:58.679054
3865d6d7-111f-4e2a-a92c-e4e2140bcfe7,bc25ce1c-7ed9-4eb4-9d7e-4e81313a7249,cc4134d2-ee8f-4deb-9020-be0458256f7d,Hines,Coordinator,2025-07-21,2027-11-15,False,Lake Sarah,NM,System list rate director must whose fill wall factor find over.,clay,,,2026-01-30 17:53:58.679054
256295ea-bc05-4844-8201-c39600edeb88,9df2c0f8-fde6-4c3f-8475-e21374ae5210,7b01b6e6-9f14-4b5f-b2c6-44a3804804d1,C.B.R.E.,Coordinator,2025-11-23,2027-02-03,False,Wheelerville,DC,Piece east fast her foreign plant benefit figure analysis TV mouth environment worry fact finally under teach.,clay,,,2026-01-30 17:53:58.679054
ad590997-4c6a-4229-993e-510e018a16f3,5fcb114a-347e-41ab-97f3-65ff035641b0,a80a12cb-ec88-4436-96af-5dc1c69f2223,The Related Companies,Intern,2022-07-10,2023-12-21,False,South Maureen,IA,Hot teach watch recent popular college attack hand forget organization less wait mission affect face.,clay,,,2026-01-30 17:53:58.679054
60ea9c25-0802-42ad-8a6f-e3be1d59d6e3,43308348-5239-4723-b788-aec45e0af5d2,d8deea59-a81a-4ab3-a8e4-c0246d1082c4,Deloitte LLP,Associate,2023-03-23,2023-12-24,False,Jessicachester,NV,Sit generation top Democrat can blood nearly mouth eat up opportunity particularly serious explain identify space scene.,clay,,,2026-01-30 17:53:58.679054
7866abb7-1746-4ae1-a170-b2302f16fbc3,5b33326d-05f1-49b9-895b-ab94d27de033,7b01b6e6-9f14-4b5f-b2c6-44a3804804d1,"CBRE Group, Inc.",Coordinator,2023-11-23,2024-06-03,False,Lake Meaganburgh,NV,Since past about study sure paper go reality over director century stand run list center short seat affect.,clay,,,2026-01-30 17:53:58.679054
0f7dd65a-7eca-491b-a69e-9ea39a23e36c,24e703c6-81fe-4574-bc5a-ebb95d1bfcbd,a80a12cb-ec88-4436-96af-5dc1c69f2223,Related Co.,Intern,2022-04-05,,True,East Johnathan,IL,Minute PM she direction right production final coach treat lead clearly she policy.,clay,,,2026-01-30 17:53:58.679054
aa7fc201-853b-443f-9446-6a294b1a7430,69121299-8875-4a9e-bb23-266178f2a95d,6bf701e4-6d6c-499b-b589-b298f3bb600b,Boston Properties,Analyst,2024-06-22,2025-11-02,False,East Theresa,IL,Result believe yeah include improve simply key huge discuss such long scene human treat Mr.,clay,,,2026-01-30 17:53:58.679054
c6510873-b0f1-4009-8837-02d15f74f327,d10c4251-529e-4960-95f3-88c1cc855dae,7b01b6e6-9f14-4b5f-b2c6-44a3804804d1,CBRE,Associate,2022-11-22,2023-10-28,False,Meganfurt,NC,Eight certainly community certainly develop increase well woman whom control what.,clay,,,2026-01-30 17:53:58.679054
dd31de35-4afb-49de-b007-d2ff4bd0d385,f201821c-875b-4945-ad8e-309f5bc91835,cc4134d2-ee8f-4deb-9020-be0458256f7d,Hines Interests,Intern,2024-02-01,2026-01-25,False,South Josephville,IA,Piece north very scientist which pull take answer good manage yet sort American.,clay,,,2026-01-30 17:53:58.679054
68f6a0a1-8700-495e-a774-af2d22ddd674,1976729b-93f8-4a58-8e52-8fd40355476a,7b01b6e6-9f14-4b5f-b2c6-44a3804804d1,CBRE,Intern,2025-12-03,2027-04-16,False,Humphreybury,AR,Start growth goal account floor toward white treat probably more human south available between sell.,clay,,,2026-01-30 17:53:58.679054
77f22755-76b3-4735-83e4-ac41e3bd6227,f602fc07-cbe8-461e-b54b-c779c701f8a8,97c8399b-4aaa-4239-a55e-75f7d010a9e9,Greystar,Analyst,2024-09-03,,True,West Danielmouth,CO,Subject door heart daughter anything always simply recognize fill smile must data task build culture whole street treatment important.,clay,,,2026-01-30 17:53:58.679054
a6edcc07-9510-4d18-871e-7df5ebf93611,4aed3f9c-13d5-454b-9682-0fa4cf203b29,62faec6a-ee7a-4766-a35e-7bdf04448bc0,Goldman Sachs Group,Intern,2022-01-20,,True,West Marc,TX,Total series study catch on long important present beautiful manager start capital lay a manage huge maintain.,clay,,,2026-01-30 17:53:58.679054
c3c6f79d-576b-490a-8999-2d2b68832351,69161740-9f9e-4089-b226-3fc6f690b143,6bf701e4-6d6c-499b-b589-b298f3bb600b,BXP,Intern,2024-09-05,,True,Tiffanyville,DC,Value learn campaign around ok choose new career author will experience each.,clay,,,2026-01-30 17:53:58.679054
b9d829be-3d15-467f-ac3d-d455e69277f1,dc0d3092-255a-482c-9e27-1aa8b36a854a,cc4134d2-ee8f-4deb-9020-be0458256f7d,Hines Real Estate,Analyst,2022-07-31,,True,Sarabury,OR,Old beyond growth if voice exactly time billion cause south figure may card environment indeed.,clay,,,2026-01-30 17:53:58.679054
e494115b-cb5e-4a06-950a-dee26e5170a1,6ec979e8-4016-4170-a5c1-2c64b3972544,6bf701e4-6d6c-499b-b589-b298f3bb600b,Boston Properties,Intern,2025-08-06,2026-02-28,False,Harrisonbury,TN,Nor determine little step skill break building institution before program laugh it source last everyone only top.,clay,,,2026-01-30 17:53:58.679054
d78c4580-34f8-4af4-87ac-d8d99fb150e2,5812d7af-6740-4ef8-8b20-e5973e3b007e,6bf701e4-6d6c-499b-b589-b298f3bb600b,Boston Props,Analyst,2024-06-20,2025-03-25,False,Christopherhaven,PR,Kitchen inside wait loss population democratic red world should role argue skin most culture light statement various.,clay,,,2026-01-30 17:53:58.679054
9a3ccea0-8c5c-47c3-b123-85c30c551ccb,4129a6ff-24a7-457f-b7cb-c045a89c4473,62faec6a-ee7a-4766-a35e-7bdf04448bc0,Goldman Sachs,Analyst,2023-03-21,,True,Lake Kristenborough,HI,Probably more travel choose shake each base subject level toward successful turn relate.,clay,,,2026-01-30 17:53:58.679054
d31c4a07-45c3-486a-8f5d-49f438495dd4,791cd594-aba2-4ac4-b454-2af562284e15,cc4134d2-ee8f-4deb-9020-be0458256f7d,Hines (Houston),Associate,2025-04-22,2026-06-15,False,Clarktown,OR,May tough upon something treatment coach day nothing political page see know officer tough tree industry.,clay,,,2026-01-30 17:53:58.679054
e268ff36-b9a9-4cde-914b-c654005a8cfc,ce900e88-2801-43c6-be9c-a6aa2ab6cf1e,97c8399b-4aaa-4239-a55e-75f7d010a9e9,Greystar,Associate,2023-07-22,2024-05-31,False,Crawfordbury,NC,Say everybody together role election these up reason industry catch east total network scene keep.,clay,,,2026-01-30 17:53:58.679054
d7826c72-c25e-4a1d-8b66-b454f175e2b9,dea17abc-5b5d-4ab5-ac25-097f92dd0b9b,a80a12cb-ec88-4436-96af-5dc1c69f2223,Related Companies,Coordinator,2025-09-10,2026-06-07,False,Ramseytown,NM,Meeting lawyer stuff sister report north finally real build wife tree international economy country nothing wonder.,clay,,,2026-01-30 17:53:58.679054
a1db02eb-4d35-4d95-b041-482300ea1627,bd3c900d-5e90-4b16-90c9-77d35e523ba9,a80a12cb-ec88-4436-96af-5dc1c69f2223,Related Companies,Coordinator,2023-05-06,2023-10-28,False,Danielstad,VT,Fly smile must real be for choice know general play one rather.,clay,,,2026-01-30 17:53:58.679054
3810c71b-cbe0-405e-a3cc-9b00a5e3c91b,2b0f66c3-ed3f-4a4e-ae62-d6bd10de629e,cc4134d2-ee8f-4deb-9020-be0458256f7d,Hines Real Estate,Associate,2024-12-17,2025-02-27,False,East Joy,TN,Get about too unit provide story upon blue former material ready skill.,clay,,,2026-01-30 17:53:58.679054
e69c4fcb-bfaa-441d-9629-6fdf8feecc19,bc24f219-a302-468a-a236-bf95f331fa39,d8deea59-a81a-4ab3-a8e4-c0246d1082c4,Deloitte,Coordinator,2025-03-10,2026-11-19,False,Kleinfurt,OK,Without attorney reality especially wear response mention anything yet cover plant because risk born minute with institution card.,clay,,,2026-01-30 17:53:58.679054
ac6f2dc1-7c4f-4eb8-b58b-defd5b3fbc30,c74fc94d-f4b1-41bf-9117-d45880304bc2,cc4134d2-ee8f-4deb-9020-be0458256f7d,Hines Real Estate,Analyst,2022-02-04,2022-04-19,False,New Tiffany,WI,This toward Congress heart public scene money through.,clay,,,2026-01-30 17:53:58.679054
c9cfba3d-4105-4316-aac3-4d7cfce47835,04a056fa-c977-4f37-a358-63e050d8448f,a80a12cb-ec88-4436-96af-5dc1c69f2223,Related Co.,Coordinator,2024-03-26,2026-02-27,False,West John,WV,First everybody shoulder either left impact tell newspaper financial life than reflect ball city but forget standard left.,clay,,,2026-01-30 17:53:58.679054
115b00ae-d146-449f-985f-c61c1d18c255,036c9994-2aba-4172-83bf-510d92dc3b6f,d8deea59-a81a-4ab3-a8e4-c0246d1082c4,Deloitte,Associate,2022-06-18,2024-02-18,False,Stephenmouth,DC,Positive test inside media receive idea sing deal imagine responsibility finish PM cause blood fall learn.,clay,,,2026-01-30 17:53:58.679054
0d210947-56a3-4612-944a-f57bd4c0de98,4a057dd7-4ec4-4bb3-a1e9-10bf453b171f,7b01b6e6-9f14-4b5f-b2c6-44a3804804d1,CBRE Group,Associate,2022-06-11,2023-03-06,False,Lake Williamborough,OK,Hot stand the evening sea real campaign thus under form.,clay,,,2026-01-30 17:53:58.679054
2adf71a1-39c5-4d90-943b-2d23ec0d6ea1,ed761d29-3ae3-4e29-8460-d55767314534,cc4134d2-ee8f-4deb-9020-be0458256f7d,Hines Interests,Intern,2023-09-28,2025-12-13,False,Michaelstad,KY,Wife believe store develop ok together really our.,clay,,,2026-01-30 17:53:58.679054
70139a36-aa40-42c6-926c-7e1dbb860b69,665274a9-147c-4a4c-bdba-c30f93319400,cc4134d2-ee8f-4deb-9020-be0458256f7d,Hines,Associate,2024-06-08,,True,Collierside,PW,Difference special notice stuff future top measure play.,clay,,,2026-01-30 17:53:58.679054
c5779d42-8511-4ee4-b4e0-b3c13a20424d,42fda6ea-c441-426e-9ce8-8588eb3b3a21,6bf701e4-6d6c-499b-b589-b298f3bb600b,Boston Properties,Intern,2022-09-02,,True,South Karabury,PA,In down positive official role ten exist increase society live.,clay,,,2026-01-30 17:53:58.679054
7e804cb9-0fa9-422e-b9d9-4d957b7090d0,ed865ba1-25e2-4e5f-aace-892dd18ca825,62faec6a-ee7a-4766-a35e-7bdf04448bc0,Goldman Sachs Group,Analyst,2023-12-12,2026-04-21,False,Scottberg,PA,Wish mind mind though your wind home woman finish soon hand close.,clay,,,2026-01-30 17:53:58.679054
378d4490-a246-4f69-ae20-05a2e49174ad,d6c901f5-bed8-4496-b3d6-69794c081fe2,6bf701e4-6d6c-499b-b589-b298f3bb600b,Boston Properties,Associate,2023-07-05,2024-01-01,False,Port Joann,NM,Floor almost world try group anything individual own usually seven the show current culture media.,clay,,,2026-01-30 17:53:58.679054
6c459bc2-ee4a-4034-8541-4fe63a21924c,4dff76b5-befd-4be8-80f7-031ef52106e9,7b01b6e6-9f14-4b5f-b2c6-44a3804804d1,"CBRE Group, Inc.",Intern,2024-12-08,,True,East Aimee,KS,Again style truth make I carry born message fight bed consumer window amount feel.,clay,,,2026-01-30 17:53:58.679054
3f62e36b-eb5e-4362-b8cb-ddad62f4de2a,03381d2e-3707-4a8f-9ba0-01ad001d9a3f,62faec6a-ee7a-4766-a35e-7bdf04448bc0,Goldman Sachs,Associate,2024-11-12,2026-06-06,False,Port Jonathanberg,NE,Price eat energy better modern note develop administration blood.,clay,,,2026-01-30 17:53:58.679054
b17f53f3-c0c2-4155-8a86-884a29909feb,54067d05-8d84-4fcd-b193-3c33ab966244,7b01b6e6-9f14-4b5f-b2c6-44a3804804d1,CBRE,Analyst,2022-07-30,2024-08-18,False,Millsshire,WA,Surface her middle various itself heart wear within sound past statement could approach.,clay,,,2026-01-30 17:53:58.679054
ed33b3e7-619e-4e70-8d3e-719232418c7a,23193815-b6a8-48d7-bde6-d6ca79887312,bfbbc659-3069-4fea-81b0-958e330d3902,Blackstone,Analyst,2022-01-06,,True,South Rhondatown,DC,Huge Mr energy remain gun its represent including focus both behavior focus part woman.,clay,,,2026-01-30 17:53:58.679054
c36014df-1aee-4e27-a525-c5d5b3e69eb7,b0bf5d02-40c2-4d38-861d-7c0248657564,62faec6a-ee7a-4766-a35e-7bdf04448bc0,Goldman Sachs,Intern,2024-01-16,2024-08-16,False,New Nathanfort,MH,Issue back successful show although impact make only again rock.,clay,,,2026-01-30 17:53:58.679054
82d35943-ea21-4ce8-8a0c-f93ef7b71957,6dc42d8e-bd77-45a6-ae25-52257abb0ee7,d8deea59-a81a-4ab3-a8e4-c0246d1082c4,Deloitte LLP,Associate,2023-04-05,,True,North Geoffreyside,MS,Matter goal help any fire discover day believe trip above practice wonder never to anything interview.,clay,,,2026-01-30 17:53:58.679054
9219eed5-9cab-4d5f-bcf6-c39235ed9529,f58da731-cd71-4c58-b4ab-f90ae36e4f8d,cc4134d2-ee8f-4deb-9020-be0458256f7d,Hines,Analyst,2025-03-16,2026-10-11,False,North Joemouth,AZ,Opportunity great through keep information Congress concern behavior cause way relate.,clay,,,2026-01-30 17:53:58.679054
d0188df7-4eec-4bce-b939-7c0bf344a064,6b7081c3-0837-4cfa-93c4-e4a7218108b7,bfbbc659-3069-4fea-81b0-958e330d3902,Blackstone Group,Associate,2022-04-05,2022-08-13,False,Robertview,AS,Move area image fund hit difficult discuss respond money western develop.,clay,,,2026-01-30 17:53:58.679054
0458ab42-208a-4438-bceb-2458c4ac979b,ffa461a3-8414-4edd-a2a9-4af344521e84,7b01b6e6-9f14-4b5f-b2c6-44a3804804d1,C.B.R.E.,Intern,2023-11-02,,True,Williamchester,WY,Word many development reduce international fish represent be effort war feel impact current huge detail kid.,clay,,,2026-01-30 17:53:58.679054
bf8b33dd-3783-4623-ab62-64e2fb0f725a,1f3dfa62-10fc-4719-9141-0ccb9421b68e,97c8399b-4aaa-4239-a55e-75f7d010a9e9,Greystar,Analyst,2023-08-21,2024-08-26,False,Simpsonberg,PA,Seem despite ten lawyer smile foot his everybody these hour fall north itself.,clay,,,2026-01-30 17:53:58.679054
8e99ce72-74ed-4551-b984-612ce8229336,8155e4fe-b273-48a1-bf52-56ab91bbf1a4,55ffd272-e2a3-4778-abcf-a26764ad3988,Jones Lang LaSalle,Analyst,2025-04-26,2027-08-25,False,Jacobsborough,FM,Buy hotel war side be a blood nearly work politics sort push sister.,clay,,,2026-01-30 17:53:58.679054
7620b56b-62c6-47b1-8faf-a03e8c7c9983,8fdd6287-2a2d-431e-8261-3aacbdde4023,a80a12cb-ec88-4436-96af-5dc1c69f2223,The Related Companies,Intern,2024-04-19,,True,South Sara,HI,Wrong option sort never age operation eight recent imagine base day already reality evening it popular.,clay,,,2026-01-30 17:53:58.679054
2877ee2c-c96a-4760-85ca-99024f8975fd,d4bc85c6-896e-45cc-a467-5cfd05ba9532,a80a12cb-ec88-4436-96af-5dc1c69f2223,The Related Companies,Intern,2025-09-08,2027-12-02,False,Jacobsville,NE,Girl two after remain owner wonder bill data tree religious.,clay,,,2026-01-30 17:53:58.679054
e03c86ea-c967-4b4b-8bf1-616f3b112860,31f7ffa8-273d-4f7b-89f4-0d93249df9ec,bfbbc659-3069-4fea-81b0-958e330d3902,Blackstone,Associate,2023-05-03,2023-09-01,False,Sanchezborough,FL,Mrs possible society value toward discover evidence crime read watch admit after recent quickly price.,clay,,,2026-01-30 17:53:58.679054
377d1c84-48a2-4f15-b1a4-d555cc009422,163555e9-2cdf-4d97-983e-fc35350d7617,a80a12cb-ec88-4436-96af-5dc1c69f2223,Related Co.,Associate,2023-04-20,2024-12-02,False,Wilsontown,TX,Practice box while level TV ready foot attorney next threat court material far bill policy eat.,clay,,,2026-01-30 17:53:58.679054
71047b8c-107c-454e-b09d-cfe50400ac9e,5f25ca1f-626d-4bf1-88b2-b683d12d22d0,cc4134d2-ee8f-4deb-9020-be0458256f7d,Hines Interests,Coordinator,2025-04-04,,True,New Melanie,NM,Key officer political option treat late painting police research research week art.,clay,,,2026-01-30 17:53:58.679054
06dc8ae1-b3ae-49ed-b688-26d0b12f0ded,5fdd4c99-93cc-4204-bc12-c65ccc30627a,a80a12cb-ec88-4436-96af-5dc1c69f2223,Related Companies,Associate,2024-06-09,2024-12-19,False,Port Steven,TX,Send need threat young consumer strategy day carry form behind serve require pressure candidate without charge subject.,clay,,,2026-01-30 17:53:58.679054
17f5c4fd-5cab-4c90-b061-85525f48acc9,de693cf6-863d-4755-a886-c7eef0493ba9,55ffd272-e2a3-4778-abcf-a26764ad3988,Jones Lang LaSalle Inc,Associate,2024-03-15,2026-06-06,False,West Pennychester,WV,Into least fight then thought plant fill continue old form forget forget skill third to item.,clay,,,2026-01-30 17:53:58.679054
cb7b9261-ea55-4cc7-a55c-735c9ddcc351,bc25ce1c-7ed9-4eb4-9d7e-4e81313a7249,7b01b6e6-9f14-4b5f-b2c6-44a3804804d1,CBRE Group,Analyst,2023-04-24,,True,Rogersview,WY,Room teach base commercial tree set particularly discussion involve challenge price take it under hear middle admit among.,clay,,,2026-01-30 17:53:58.679054
